2025-09-06 00:22:23,675 - INFO - Starting full pipeline at 2025-09-06 00:22:23.675637
2025-09-06 00:22:23,969 - INFO - Pipeline components initialized successfully
2025-09-06 00:22:23,970 - INFO - Starting scraping phase
2025-09-06 00:22:23,971 - INFO - Starting to scrape r/EngineeringStudents
2025-09-06 00:22:25,877 - INFO - Saved 5 posts to posts_batch_0001.json
2025-09-06 00:22:25,879 - INFO - Processed 5 posts so far...
2025-09-06 00:22:26,424 - INFO - Saved 5 posts to posts_batch_0002.json
2025-09-06 00:22:26,425 - INFO - Processed 10 posts so far...
2025-09-06 00:22:26,530 - INFO - Scraping completed. Total posts processed: 10
2025-09-06 00:22:26,531 - INFO - Scraping phase completed successfully
2025-09-06 00:22:26,532 - INFO - Starting cleaning phase
2025-09-06 00:22:26,533 - INFO - Starting text cleaning process
2025-09-06 00:22:26,534 - INFO - Processing posts_batch_0001.json
2025-09-06 00:22:26,575 - INFO - Completed processing posts_batch_0001.json (5 posts)
2025-09-06 00:22:26,576 - INFO - Processing posts_batch_0002.json
2025-09-06 00:22:26,609 - INFO - Completed processing posts_batch_0002.json (5 posts)
2025-09-06 00:22:26,610 - INFO - Text cleaning completed. Total posts processed: 10
2025-09-06 00:22:26,610 - INFO - Output files saved in: data/clean
2025-09-06 00:22:26,611 - INFO - Cleaning phase completed successfully
2025-09-06 00:22:26,612 - INFO - Pipeline completed successfully in 0:00:02.937035
2025-09-06 00:22:39,329 - INFO - Starting full pipeline at 2025-09-06 00:22:39.329084
2025-09-06 00:22:39,333 - INFO - Pipeline components initialized successfully
2025-09-06 00:22:39,333 - INFO - Starting scraping phase
2025-09-06 00:22:39,333 - INFO - Starting to scrape r/EngineeringStudents
2025-09-06 00:22:43,888 - INFO - Saved 25 posts to posts_batch_0001.json
2025-09-06 00:22:43,889 - INFO - Processed 25 posts so far...
2025-09-06 00:22:46,617 - INFO - Saved 24 posts to posts_batch_0002.json
2025-09-06 00:22:46,619 - INFO - Scraping completed. Total posts processed: 59
2025-09-06 00:22:46,620 - INFO - Scraping phase completed successfully
2025-09-06 00:22:46,621 - INFO - Starting cleaning phase
2025-09-06 00:22:46,622 - INFO - Starting text cleaning process
2025-09-06 00:22:46,623 - INFO - Skipping already processed file: posts_batch_0001.json
2025-09-06 00:22:46,624 - INFO - Skipping already processed file: posts_batch_0002.json
2025-09-06 00:22:46,625 - INFO - Text cleaning completed. Total posts processed: 0
2025-09-06 00:22:46,625 - INFO - Output files saved in: data/clean
2025-09-06 00:22:46,626 - INFO - Cleaning phase completed successfully
2025-09-06 00:22:46,626 - INFO - Pipeline completed successfully in 0:00:07.296928
2025-09-06 00:26:41,158 - INFO - Starting full pipeline at 2025-09-06 00:26:41.157903
2025-09-06 00:26:41,160 - INFO - Pipeline components initialized successfully
2025-09-06 00:26:41,160 - INFO - Starting scraping phase
2025-09-06 00:26:41,160 - INFO - Starting to scrape r/EngineeringStudents
2025-09-06 00:27:34,786 - INFO - Saved 400 posts to posts_batch_0001.json
2025-09-06 00:27:34,788 - INFO - Processed 400 posts so far...
2025-09-06 00:28:25,042 - INFO - Saved 400 posts to posts_batch_0002.json
2025-09-06 00:28:25,044 - INFO - Processed 800 posts so far...
2025-09-06 00:28:41,982 - INFO - Saved 152 posts to posts_batch_0003.json
2025-09-06 00:28:41,984 - INFO - Scraping completed. Total posts processed: 1011
2025-09-06 00:28:41,985 - INFO - Scraping phase completed successfully
2025-09-06 00:28:41,986 - INFO - Starting cleaning phase
2025-09-06 00:28:41,987 - INFO - Starting text cleaning process
2025-09-06 00:28:42,017 - INFO - Skipping already processed file: posts_batch_0001.json
2025-09-06 00:28:42,019 - INFO - Skipping already processed file: posts_batch_0002.json
2025-09-06 00:28:42,020 - INFO - Processing posts_batch_0003.json
2025-09-06 00:28:42,118 - INFO - Completed processing posts_batch_0003.json (152 posts)
2025-09-06 00:28:42,118 - INFO - Text cleaning completed. Total posts processed: 152
2025-09-06 00:28:42,118 - INFO - Output files saved in: data/clean
2025-09-06 00:28:42,119 - INFO - Cleaning phase completed successfully
2025-09-06 00:28:42,119 - INFO - Pipeline completed successfully in 0:02:00.961606
2025-09-06 00:32:50,474 - INFO - Starting full pipeline at 2025-09-06 00:32:50.474084
2025-09-06 00:32:50,493 - INFO - Pipeline components initialized successfully
2025-09-06 00:32:50,493 - INFO - Starting scraping phase
2025-09-06 00:32:50,493 - INFO - Starting to scrape r/cscareerquestions
2025-09-06 00:32:55,003 - INFO - Saved 25 posts to posts_batch_0001.json
2025-09-06 00:32:55,004 - INFO - Processed 25 posts so far...
2025-09-06 00:32:57,716 - INFO - Saved 25 posts to posts_batch_0002.json
2025-09-06 00:32:57,718 - INFO - Processed 50 posts so far...
2025-09-06 00:32:57,822 - INFO - Scraping completed. Total posts processed: 50
2025-09-06 00:32:57,823 - INFO - Scraping phase completed successfully
2025-09-06 00:32:57,825 - INFO - Starting cleaning phase
2025-09-06 00:32:57,827 - INFO - Starting text cleaning process
2025-09-06 00:32:57,828 - INFO - Processing posts_batch_0001.json
2025-09-06 00:32:57,900 - INFO - Completed processing posts_batch_0001.json (25 posts)
2025-09-06 00:32:57,902 - INFO - Processing posts_batch_0002.json
2025-09-06 00:32:57,959 - INFO - Completed processing posts_batch_0002.json (25 posts)
2025-09-06 00:32:57,960 - INFO - Text cleaning completed. Total posts processed: 50
2025-09-06 00:32:57,960 - INFO - Output files saved in: data/clean
2025-09-06 00:32:57,961 - INFO - Cleaning phase completed successfully
2025-09-06 00:32:57,961 - INFO - Pipeline completed successfully in 0:00:07.487698
2025-09-06 00:33:06,322 - INFO - Starting full pipeline at 2025-09-06 00:33:06.322740
2025-09-06 00:33:06,327 - INFO - Pipeline components initialized successfully
2025-09-06 00:33:06,327 - INFO - Starting scraping phase
2025-09-06 00:33:06,328 - INFO - Starting to scrape r/cscareerquestions
2025-09-06 00:33:32,530 - INFO - Saved 200 posts to posts_batch_0001.json
2025-09-06 00:33:32,530 - INFO - Processed 200 posts so far...
2025-09-06 00:33:56,118 - INFO - Saved 200 posts to posts_batch_0002.json
2025-09-06 00:33:56,118 - INFO - Processed 400 posts so far...
2025-09-06 00:34:21,166 - INFO - Saved 200 posts to posts_batch_0003.json
2025-09-06 00:34:21,168 - INFO - Processed 600 posts so far...
2025-09-06 00:35:38,052 - INFO - Starting full pipeline at 2025-09-06 00:35:38.051852
2025-09-06 00:35:38,054 - INFO - Pipeline components initialized successfully
2025-09-06 00:35:38,054 - INFO - Starting scraping phase
2025-09-06 00:35:38,054 - INFO - Starting to scrape r/EngineeringStudents
2025-09-06 00:35:39,334 - INFO - Extracting comments for post 1n9dxlv (1 total)
2025-09-06 00:35:39,335 - INFO - Successfully extracted 1 comments for post 1n9dxlv
2025-09-06 00:35:39,903 - INFO - Extracting comments for post 1n9ak95 (2 total)
2025-09-06 00:35:39,903 - INFO - Successfully extracted 2 comments for post 1n9ak95
2025-09-06 00:35:39,904 - INFO - Saved 2 posts to posts_batch_0326.json
2025-09-06 00:35:39,906 - INFO - Processed 2 posts so far...
2025-09-06 00:35:40,458 - INFO - Extracting comments for post 1n98sn5 (0 total)
2025-09-06 00:35:40,458 - INFO - Successfully extracted 0 comments for post 1n98sn5
2025-09-06 00:35:41,047 - INFO - Extracting comments for post 1n97lxy (0 total)
2025-09-06 00:35:41,047 - INFO - Successfully extracted 0 comments for post 1n97lxy
2025-09-06 00:35:41,049 - INFO - Saved 2 posts to posts_batch_0327.json
2025-09-06 00:35:41,050 - INFO - Processed 4 posts so far...
2025-09-06 00:35:41,749 - INFO - Extracting comments for post 1n97htu (35 total)
2025-09-06 00:35:41,751 - INFO - Successfully extracted 35 comments for post 1n97htu
2025-09-06 00:35:41,967 - INFO - Saved 1 posts to posts_batch_0328.json
2025-09-06 00:35:41,968 - INFO - Scraping completed. Total posts processed: 655
2025-09-06 00:35:41,969 - INFO - Scraping phase completed successfully
2025-09-06 00:35:41,969 - INFO - Starting cleaning phase
2025-09-06 00:35:41,969 - INFO - Starting text cleaning process
2025-09-06 00:35:41,970 - INFO - Skipping already processed file: posts_batch_0001.json
2025-09-06 00:35:41,971 - INFO - Skipping already processed file: posts_batch_0002.json
2025-09-06 00:35:41,971 - INFO - Processing posts_batch_0003.json
2025-09-06 00:35:42,031 - INFO - Completed processing posts_batch_0003.json (200 posts)
2025-09-06 00:35:42,032 - INFO - Processing posts_batch_0326.json
2025-09-06 00:35:42,064 - INFO - Completed processing posts_batch_0326.json (2 posts)
2025-09-06 00:35:42,065 - INFO - Processing posts_batch_0327.json
2025-09-06 00:35:42,092 - INFO - Completed processing posts_batch_0327.json (2 posts)
2025-09-06 00:35:42,092 - INFO - Processing posts_batch_0328.json
2025-09-06 00:35:42,125 - INFO - Completed processing posts_batch_0328.json (1 posts)
2025-09-06 00:35:42,126 - INFO - Text cleaning completed. Total posts processed: 205
2025-09-06 00:35:42,126 - INFO - Output files saved in: data/clean
2025-09-06 00:35:42,126 - INFO - Cleaning phase completed successfully
2025-09-06 00:35:42,127 - INFO - Pipeline completed successfully in 0:00:04.075469
2025-09-06 00:37:54,067 - INFO - Starting full pipeline at 2025-09-06 00:37:54.067192
2025-09-06 00:37:54,070 - INFO - Pipeline components initialized successfully
2025-09-06 00:37:54,070 - INFO - Starting scraping phase
2025-09-06 00:37:54,071 - INFO - Starting to scrape r/EngineeringStudents
2025-09-06 00:37:55,471 - INFO - Extracting comments for post 1n9dxlv (1 total)
2025-09-06 00:37:55,471 - INFO - Successfully extracted 1 comments for post 1n9dxlv
2025-09-06 00:37:56,023 - INFO - Extracting comments for post 1n9ak95 (2 total)
2025-09-06 00:37:56,024 - INFO - Successfully extracted 2 comments for post 1n9ak95
2025-09-06 00:37:56,575 - INFO - Extracting comments for post 1n98sn5 (0 total)
2025-09-06 00:37:56,582 - INFO - Successfully extracted 0 comments for post 1n98sn5
2025-09-06 00:37:57,246 - INFO - Extracting comments for post 1n97htu (35 total)
2025-09-06 00:37:57,251 - INFO - Successfully extracted 35 comments for post 1n97htu
2025-09-06 00:37:57,812 - INFO - Extracting comments for post 1n8saeu (5 total)
2025-09-06 00:37:57,816 - INFO - Successfully extracted 5 comments for post 1n8saeu
2025-09-06 00:37:57,834 - INFO - Saved 5 posts to posts_batch_0132.json
2025-09-06 00:37:58,369 - INFO - Extracting comments for post 1n969d5 (4 total)
2025-09-06 00:37:58,370 - INFO - Successfully extracted 4 comments for post 1n969d5
2025-09-06 00:37:58,902 - INFO - Extracting comments for post 1n8u91n (3 total)
2025-09-06 00:37:58,905 - INFO - Successfully extracted 3 comments for post 1n8u91n
2025-09-06 00:37:59,419 - INFO - Extracting comments for post 1n8xf9d (0 total)
2025-09-06 00:37:59,422 - INFO - Successfully extracted 0 comments for post 1n8xf9d
2025-09-06 00:37:59,931 - INFO - Extracting comments for post 1n8xlkl (0 total)
2025-09-06 00:37:59,931 - INFO - Successfully extracted 0 comments for post 1n8xlkl
2025-09-06 00:38:00,135 - INFO - Saved 4 posts to posts_batch_0133.json
2025-09-06 00:38:00,141 - INFO - Scraping completed. Total posts processed: 664
2025-09-06 00:38:00,145 - INFO - Posts skipped (already processed): 1
2025-09-06 00:38:00,147 - INFO - Scraping phase completed successfully
2025-09-06 00:38:00,147 - INFO - Starting cleaning phase
2025-09-06 00:38:00,149 - INFO - Starting text cleaning process
2025-09-06 00:38:00,365 - INFO - Text cleaning completed. Total posts processed: 9
2025-09-06 00:38:00,367 - INFO - Output files saved in: data/clean
2025-09-06 00:38:00,369 - INFO - Cleaning phase completed successfully
2025-09-06 00:38:00,372 - INFO - Pipeline completed successfully in 0:00:06.304796
2025-09-06 00:38:08,869 - INFO - Starting full pipeline at 2025-09-06 00:38:08.869905
2025-09-06 00:38:08,872 - INFO - Pipeline components initialized successfully
2025-09-06 00:38:08,873 - INFO - Starting scraping phase
2025-09-06 00:38:08,873 - INFO - Starting to scrape r/EngineeringStudents
2025-09-06 00:38:08,874 - INFO - No limit set - will scrape ALL available posts
2025-09-06 00:38:11,508 - INFO - Extracting comments for post 1n9dxlv (1 total)
2025-09-06 00:38:11,508 - INFO - Successfully extracted 1 comments for post 1n9dxlv
2025-09-06 00:38:12,057 - INFO - Extracting comments for post 1n9ak95 (2 total)
2025-09-06 00:38:12,058 - INFO - Successfully extracted 2 comments for post 1n9ak95
2025-09-06 00:38:12,649 - INFO - Extracting comments for post 1n98sn5 (0 total)
2025-09-06 00:38:12,649 - INFO - Successfully extracted 0 comments for post 1n98sn5
2025-09-06 00:38:13,670 - INFO - Extracting comments for post 1n97lxy (0 total)
2025-09-06 00:38:13,671 - INFO - Successfully extracted 0 comments for post 1n97lxy
2025-09-06 00:38:14,418 - INFO - Extracting comments for post 1n97htu (35 total)
2025-09-06 00:38:14,419 - INFO - Successfully extracted 35 comments for post 1n97htu
2025-09-06 00:38:15,024 - INFO - Extracting comments for post 1n969d5 (4 total)
2025-09-06 00:38:15,024 - INFO - Successfully extracted 4 comments for post 1n969d5
2025-09-06 00:38:15,585 - INFO - Extracting comments for post 1n8u91n (3 total)
2025-09-06 00:38:15,587 - INFO - Successfully extracted 3 comments for post 1n8u91n
2025-09-06 00:38:16,117 - INFO - Extracting comments for post 1n8xf9d (0 total)
2025-09-06 00:38:16,117 - INFO - Successfully extracted 0 comments for post 1n8xf9d
2025-09-06 00:38:16,640 - INFO - Extracting comments for post 1n8xlkl (0 total)
2025-09-06 00:38:16,642 - INFO - Successfully extracted 0 comments for post 1n8xlkl
2025-09-06 00:38:17,179 - INFO - Extracting comments for post 1n91sw6 (0 total)
2025-09-06 00:38:17,180 - INFO - Successfully extracted 0 comments for post 1n91sw6
2025-09-06 00:38:17,754 - INFO - Extracting comments for post 1n93ckb (1 total)
2025-09-06 00:38:17,755 - INFO - Successfully extracted 1 comments for post 1n93ckb
2025-09-06 00:38:18,302 - INFO - Extracting comments for post 1n9400x (0 total)
2025-09-06 00:38:18,302 - INFO - Successfully extracted 0 comments for post 1n9400x
2025-09-06 00:38:18,916 - INFO - Extracting comments for post 1n95uci (0 total)
2025-09-06 00:38:18,917 - INFO - Successfully extracted 0 comments for post 1n95uci
2025-09-06 00:38:19,494 - INFO - Extracting comments for post 1n95cmp (2 total)
2025-09-06 00:38:19,495 - INFO - Successfully extracted 2 comments for post 1n95cmp
2025-09-06 00:38:20,142 - INFO - Extracting comments for post 1n93s48 (5 total)
2025-09-06 00:38:20,143 - INFO - Successfully extracted 5 comments for post 1n93s48
2025-09-06 00:38:20,757 - INFO - Extracting comments for post 1n92oz7 (18 total)
2025-09-06 00:38:20,760 - INFO - Successfully extracted 18 comments for post 1n92oz7
2025-09-06 00:38:21,280 - INFO - Extracting comments for post 1n92kz6 (0 total)
2025-09-06 00:38:21,281 - INFO - Successfully extracted 0 comments for post 1n92kz6
2025-09-06 00:38:21,833 - INFO - Extracting comments for post 1n92jdq (4 total)
2025-09-06 00:38:21,834 - INFO - Successfully extracted 4 comments for post 1n92jdq
2025-09-06 00:38:22,468 - INFO - Extracting comments for post 1n90xlk (20 total)
2025-09-06 00:38:22,469 - INFO - Successfully extracted 20 comments for post 1n90xlk
2025-09-06 00:38:23,025 - INFO - Extracting comments for post 1n90cq1 (4 total)
2025-09-06 00:38:23,027 - INFO - Successfully extracted 4 comments for post 1n90cq1
2025-09-06 00:38:23,642 - INFO - Extracting comments for post 1n8yge7 (6 total)
2025-09-06 00:38:23,646 - INFO - Successfully extracted 6 comments for post 1n8yge7
2025-09-06 00:38:24,186 - INFO - Extracting comments for post 1n8y6k8 (1 total)
2025-09-06 00:38:24,187 - INFO - Successfully extracted 1 comments for post 1n8y6k8
2025-09-06 00:38:24,746 - INFO - Extracting comments for post 1n8y6hj (5 total)
2025-09-06 00:38:24,747 - INFO - Successfully extracted 5 comments for post 1n8y6hj
2025-09-06 00:38:25,317 - INFO - Extracting comments for post 1n8wmja (4 total)
2025-09-06 00:38:25,319 - INFO - Successfully extracted 4 comments for post 1n8wmja
2025-09-06 00:38:26,057 - INFO - Extracting comments for post 1n8ty1b (43 total)
2025-09-06 00:38:26,065 - INFO - Successfully extracted 43 comments for post 1n8ty1b
2025-09-06 00:38:26,126 - INFO - Saved 25 posts to posts_batch_0027.json
2025-09-06 00:38:26,690 - INFO - Extracting comments for post 1n8tfs0 (1 total)
2025-09-06 00:38:26,691 - INFO - Successfully extracted 1 comments for post 1n8tfs0
2025-09-06 00:38:27,250 - INFO - Extracting comments for post 1n8s9l7 (2 total)
2025-09-06 00:38:27,250 - INFO - Successfully extracted 2 comments for post 1n8s9l7
2025-09-06 00:38:27,933 - INFO - Extracting comments for post 1n8s41x (29 total)
2025-09-06 00:38:27,937 - INFO - Successfully extracted 27 comments for post 1n8s41x
2025-09-06 00:38:28,494 - INFO - Extracting comments for post 1n8mu2l (1 total)
2025-09-06 00:38:28,497 - INFO - Successfully extracted 1 comments for post 1n8mu2l
2025-09-06 00:38:29,044 - INFO - Extracting comments for post 1n8n5oc (1 total)
2025-09-06 00:38:29,047 - INFO - Successfully extracted 1 comments for post 1n8n5oc
2025-09-06 00:38:29,597 - INFO - Extracting comments for post 1n8r21i (4 total)
2025-09-06 00:38:29,600 - INFO - Successfully extracted 4 comments for post 1n8r21i
2025-09-06 00:38:30,217 - INFO - Extracting comments for post 1n8rd79 (1 total)
2025-09-06 00:38:30,220 - INFO - Successfully extracted 1 comments for post 1n8rd79
2025-09-06 00:38:30,802 - INFO - Extracting comments for post 1n8qga6 (1 total)
2025-09-06 00:38:30,803 - INFO - Successfully extracted 1 comments for post 1n8qga6
2025-09-06 00:38:31,718 - INFO - Extracting comments for post 1n8pldd (2 total)
2025-09-06 00:38:31,719 - INFO - Successfully extracted 2 comments for post 1n8pldd
2025-09-06 00:38:32,406 - INFO - Extracting comments for post 1n8oy95 (20 total)
2025-09-06 00:38:32,415 - INFO - Successfully extracted 20 comments for post 1n8oy95
2025-09-06 00:38:32,986 - INFO - Extracting comments for post 1n8ohii (10 total)
2025-09-06 00:38:32,988 - INFO - Successfully extracted 10 comments for post 1n8ohii
2025-09-06 00:38:33,532 - INFO - Extracting comments for post 1n8of2a (0 total)
2025-09-06 00:38:33,534 - INFO - Successfully extracted 0 comments for post 1n8of2a
2025-09-06 00:38:34,082 - INFO - Extracting comments for post 1n8o8k3 (1 total)
2025-09-06 00:38:34,083 - INFO - Successfully extracted 1 comments for post 1n8o8k3
2025-09-06 00:38:34,689 - INFO - Extracting comments for post 1n8nsbs (3 total)
2025-09-06 00:38:34,694 - INFO - Successfully extracted 3 comments for post 1n8nsbs
2025-09-06 00:38:35,293 - INFO - Extracting comments for post 1n8l3dp (0 total)
2025-09-06 00:38:35,293 - INFO - Successfully extracted 0 comments for post 1n8l3dp
2025-09-06 00:38:35,920 - INFO - Extracting comments for post 1n8inpa (6 total)
2025-09-06 00:38:35,922 - INFO - Successfully extracted 6 comments for post 1n8inpa
2025-09-06 00:38:36,040 - INFO - Starting full pipeline at 2025-09-06 00:38:36.040368
2025-09-06 00:38:36,042 - INFO - Pipeline components initialized successfully
2025-09-06 00:38:36,042 - INFO - Starting scraping phase
2025-09-06 00:38:36,042 - INFO - Starting to scrape r/EngineeringStudents
2025-09-06 00:38:36,043 - INFO - No limit set - will scrape ALL available posts
2025-09-06 00:38:36,494 - INFO - Extracting comments for post 1n8h0ur (3 total)
2025-09-06 00:38:36,496 - INFO - Successfully extracted 3 comments for post 1n8h0ur
2025-09-06 00:38:37,046 - INFO - Extracting comments for post 1n8lynh (1 total)
2025-09-06 00:38:37,047 - INFO - Successfully extracted 1 comments for post 1n8lynh
2025-09-06 00:38:37,596 - INFO - Extracting comments for post 1n8fh1g (2 total)
2025-09-06 00:38:37,597 - INFO - Successfully extracted 2 comments for post 1n8fh1g
2025-09-06 00:38:38,283 - INFO - Extracting comments for post 1n8f596 (35 total)
2025-09-06 00:38:38,287 - INFO - Successfully extracted 34 comments for post 1n8f596
2025-09-06 00:38:38,883 - INFO - Extracting comments for post 1n8dzre (0 total)
2025-09-06 00:38:38,884 - INFO - Successfully extracted 0 comments for post 1n8dzre
2025-09-06 00:38:38,988 - INFO - Extracting comments for post 1n9dxlv (1 total)
2025-09-06 00:38:38,989 - INFO - Successfully extracted 1 comments for post 1n9dxlv
2025-09-06 00:38:39,493 - INFO - Extracting comments for post 1n8dunm (0 total)
2025-09-06 00:38:39,495 - INFO - Successfully extracted 0 comments for post 1n8dunm
2025-09-06 00:38:39,545 - INFO - Extracting comments for post 1n9ak95 (2 total)
2025-09-06 00:38:39,546 - INFO - Successfully extracted 2 comments for post 1n9ak95
2025-09-06 00:38:40,218 - INFO - Extracting comments for post 1n8lvv1 (0 total)
2025-09-06 00:38:40,219 - INFO - Extracting comments for post 1n98sn5 (0 total)
2025-09-06 00:38:40,220 - INFO - Successfully extracted 0 comments for post 1n98sn5
2025-09-06 00:38:40,220 - INFO - Successfully extracted 0 comments for post 1n8lvv1
2025-09-06 00:38:40,830 - INFO - Extracting comments for post 1n97lxy (0 total)
2025-09-06 00:38:40,831 - INFO - Successfully extracted 0 comments for post 1n97lxy
2025-09-06 00:38:41,292 - INFO - Extracting comments for post 1n8l3ke (35 total)
2025-09-06 00:38:41,407 - INFO - Successfully extracted 35 comments for post 1n8l3ke
2025-09-06 00:38:41,555 - INFO - Extracting comments for post 1n97htu (35 total)
2025-09-06 00:38:41,561 - INFO - Successfully extracted 35 comments for post 1n97htu
2025-09-06 00:38:42,057 - INFO - Extracting comments for post 1n8i3y0 (3 total)
2025-09-06 00:38:42,063 - INFO - Successfully extracted 3 comments for post 1n8i3y0
2025-09-06 00:38:42,138 - INFO - Extracting comments for post 1n8saeu (5 total)
2025-09-06 00:38:42,140 - INFO - Successfully extracted 5 comments for post 1n8saeu
2025-09-06 00:38:42,264 - INFO - Saved 25 posts to posts_batch_0028.json
2025-09-06 00:38:42,789 - INFO - Extracting comments for post 1n969d5 (4 total)
2025-09-06 00:38:42,795 - INFO - Successfully extracted 4 comments for post 1n969d5
2025-09-06 00:38:42,847 - INFO - Extracting comments for post 1n8i0so (6 total)
2025-09-06 00:38:42,849 - INFO - Successfully extracted 6 comments for post 1n8i0so
2025-09-06 00:38:43,339 - INFO - Extracting comments for post 1n8u91n (3 total)
2025-09-06 00:38:43,341 - INFO - Successfully extracted 3 comments for post 1n8u91n
2025-09-06 00:38:43,496 - INFO - Extracting comments for post 1n8hjq6 (6 total)
2025-09-06 00:38:43,498 - INFO - Successfully extracted 6 comments for post 1n8hjq6
2025-09-06 00:38:43,879 - INFO - Extracting comments for post 1n8xf9d (0 total)
2025-09-06 00:38:43,882 - INFO - Successfully extracted 0 comments for post 1n8xf9d
2025-09-06 00:38:44,023 - INFO - Extracting comments for post 1n8hcj0 (1 total)
2025-09-06 00:38:44,027 - INFO - Successfully extracted 1 comments for post 1n8hcj0
2025-09-06 00:38:44,410 - INFO - Extracting comments for post 1n8xlkl (0 total)
2025-09-06 00:38:44,412 - INFO - Successfully extracted 0 comments for post 1n8xlkl
2025-09-06 00:38:44,424 - INFO - Saved 10 posts to posts_batch_0069.json
2025-09-06 00:38:44,631 - INFO - Extracting comments for post 1n8gzqe (1 total)
2025-09-06 00:38:44,633 - INFO - Successfully extracted 1 comments for post 1n8gzqe
2025-09-06 00:38:44,966 - INFO - Extracting comments for post 1n91sw6 (0 total)
2025-09-06 00:38:44,967 - INFO - Successfully extracted 0 comments for post 1n91sw6
2025-09-06 00:38:45,204 - INFO - Extracting comments for post 1n8gb9u (7 total)
2025-09-06 00:38:45,206 - INFO - Successfully extracted 7 comments for post 1n8gb9u
2025-09-06 00:38:45,551 - INFO - Extracting comments for post 1n93ckb (1 total)
2025-09-06 00:38:45,552 - INFO - Successfully extracted 1 comments for post 1n93ckb
2025-09-06 00:38:45,807 - INFO - Extracting comments for post 1n8gb9t (10 total)
2025-09-06 00:38:45,819 - INFO - Successfully extracted 10 comments for post 1n8gb9t
2025-09-06 00:38:46,090 - INFO - Extracting comments for post 1n9400x (0 total)
2025-09-06 00:38:46,092 - INFO - Successfully extracted 0 comments for post 1n9400x
2025-09-06 00:38:46,412 - INFO - Extracting comments for post 1n8f7w2 (4 total)
2025-09-06 00:38:46,414 - INFO - Successfully extracted 4 comments for post 1n8f7w2
2025-09-06 00:38:46,670 - INFO - Extracting comments for post 1n95uci (0 total)
2025-09-06 00:38:46,671 - INFO - Successfully extracted 0 comments for post 1n95uci
2025-09-06 00:38:46,947 - INFO - Extracting comments for post 1n8en8y (1 total)
2025-09-06 00:38:46,949 - INFO - Successfully extracted 1 comments for post 1n8en8y
2025-09-06 00:38:47,220 - INFO - Extracting comments for post 1n95cmp (2 total)
2025-09-06 00:38:47,225 - INFO - Successfully extracted 2 comments for post 1n95cmp
2025-09-06 00:38:47,519 - INFO - Extracting comments for post 1n8e078 (1 total)
2025-09-06 00:38:47,520 - INFO - Successfully extracted 1 comments for post 1n8e078
2025-09-06 00:38:47,892 - INFO - Extracting comments for post 1n93s48 (5 total)
2025-09-06 00:38:47,894 - INFO - Successfully extracted 5 comments for post 1n93s48
2025-09-06 00:38:48,072 - INFO - Extracting comments for post 1n8clga (5 total)
2025-09-06 00:38:48,073 - INFO - Successfully extracted 5 comments for post 1n8clga
2025-09-06 00:38:48,527 - INFO - Extracting comments for post 1n92oz7 (18 total)
2025-09-06 00:38:48,530 - INFO - Successfully extracted 18 comments for post 1n92oz7
2025-09-06 00:38:48,644 - INFO - Extracting comments for post 1n8caux (0 total)
2025-09-06 00:38:48,645 - INFO - Successfully extracted 0 comments for post 1n8caux
2025-09-06 00:38:49,062 - INFO - Extracting comments for post 1n92kz6 (0 total)
2025-09-06 00:38:49,065 - INFO - Successfully extracted 0 comments for post 1n92kz6
2025-09-06 00:38:49,180 - INFO - Extracting comments for post 1n7rrom (0 total)
2025-09-06 00:38:49,182 - INFO - Successfully extracted 0 comments for post 1n7rrom
2025-09-06 00:38:49,629 - INFO - Extracting comments for post 1n92jdq (4 total)
2025-09-06 00:38:49,631 - INFO - Successfully extracted 4 comments for post 1n92jdq
2025-09-06 00:38:49,797 - INFO - Extracting comments for post 1n8aj0d (17 total)
2025-09-06 00:38:49,802 - INFO - Successfully extracted 17 comments for post 1n8aj0d
2025-09-06 00:38:50,254 - INFO - Extracting comments for post 1n90xlk (20 total)
2025-09-06 00:38:50,259 - INFO - Successfully extracted 20 comments for post 1n90xlk
2025-09-06 00:38:50,279 - INFO - Saved 10 posts to posts_batch_0070.json
2025-09-06 00:38:50,350 - INFO - Extracting comments for post 1n895ni (0 total)
2025-09-06 00:38:50,352 - INFO - Successfully extracted 0 comments for post 1n895ni
2025-09-06 00:38:50,840 - INFO - Extracting comments for post 1n90cq1 (4 total)
2025-09-06 00:38:50,842 - INFO - Successfully extracted 4 comments for post 1n90cq1
2025-09-06 00:38:50,897 - INFO - Extracting comments for post 1n88n0m (0 total)
2025-09-06 00:38:50,897 - INFO - Successfully extracted 0 comments for post 1n88n0m
2025-09-06 00:38:51,453 - INFO - Extracting comments for post 1n8yge7 (6 total)
2025-09-06 00:38:51,457 - INFO - Successfully extracted 6 comments for post 1n8yge7
2025-09-06 00:38:51,523 - INFO - Extracting comments for post 1n85rtp (0 total)
2025-09-06 00:38:51,527 - INFO - Successfully extracted 0 comments for post 1n85rtp
2025-09-06 00:38:52,019 - INFO - Extracting comments for post 1n8y6k8 (1 total)
2025-09-06 00:38:52,021 - INFO - Successfully extracted 1 comments for post 1n8y6k8
2025-09-06 00:38:52,058 - INFO - Extracting comments for post 1n841jp (0 total)
2025-09-06 00:38:52,059 - INFO - Successfully extracted 0 comments for post 1n841jp
2025-09-06 00:38:52,578 - INFO - Extracting comments for post 1n8y6hj (5 total)
2025-09-06 00:38:52,579 - INFO - Successfully extracted 5 comments for post 1n8y6hj
2025-09-06 00:38:52,775 - INFO - Extracting comments for post 1n7z3o6 (0 total)
2025-09-06 00:38:52,775 - INFO - Successfully extracted 0 comments for post 1n7z3o6
2025-09-06 00:38:53,150 - INFO - Extracting comments for post 1n8wmja (4 total)
2025-09-06 00:38:53,153 - INFO - Successfully extracted 4 comments for post 1n8wmja
2025-09-06 00:38:53,314 - INFO - Extracting comments for post 1n7xpgl (1 total)
2025-09-06 00:38:53,315 - INFO - Successfully extracted 1 comments for post 1n7xpgl
2025-09-06 00:38:53,709 - INFO - Extracting comments for post 1n8tfs0 (1 total)
2025-09-06 00:38:53,710 - INFO - Successfully extracted 1 comments for post 1n8tfs0
2025-09-06 00:38:53,873 - INFO - Extracting comments for post 1n7w3dh (7 total)
2025-09-06 00:38:53,876 - INFO - Successfully extracted 7 comments for post 1n7w3dh
2025-09-06 00:38:54,259 - INFO - Extracting comments for post 1n8s9l7 (2 total)
2025-09-06 00:38:54,260 - INFO - Successfully extracted 2 comments for post 1n8s9l7
2025-09-06 00:38:54,392 - INFO - Extracting comments for post 1n7vay7 (0 total)
2025-09-06 00:38:54,393 - INFO - Successfully extracted 0 comments for post 1n7vay7
2025-09-06 00:38:54,907 - INFO - Extracting comments for post 1n8s41x (29 total)
2025-09-06 00:38:54,913 - INFO - Extracting comments for post 1n7ths3 (0 total)
2025-09-06 00:38:54,915 - INFO - Successfully extracted 0 comments for post 1n7ths3
2025-09-06 00:38:54,916 - INFO - Successfully extracted 27 comments for post 1n8s41x
2025-09-06 00:38:55,428 - INFO - Extracting comments for post 1n7t9gp (0 total)
2025-09-06 00:38:55,431 - INFO - Successfully extracted 0 comments for post 1n7t9gp
2025-09-06 00:38:55,464 - INFO - Extracting comments for post 1n8mu2l (1 total)
2025-09-06 00:38:55,467 - INFO - Successfully extracted 1 comments for post 1n8mu2l
2025-09-06 00:38:55,955 - INFO - Extracting comments for post 1n7t74m (0 total)
2025-09-06 00:38:55,957 - INFO - Successfully extracted 0 comments for post 1n7t74m
2025-09-06 00:38:55,998 - INFO - Extracting comments for post 1n8n5oc (1 total)
2025-09-06 00:38:56,000 - INFO - Successfully extracted 1 comments for post 1n8n5oc
2025-09-06 00:38:56,028 - INFO - Saved 10 posts to posts_batch_0071.json
2025-09-06 00:38:56,484 - INFO - Extracting comments for post 1n7rq17 (1 total)
2025-09-06 00:38:56,485 - INFO - Successfully extracted 1 comments for post 1n7rq17
2025-09-06 00:38:56,503 - INFO - Saved 25 posts to posts_batch_0029.json
2025-09-06 00:38:56,583 - INFO - Extracting comments for post 1n8r21i (4 total)
2025-09-06 00:38:56,586 - INFO - Successfully extracted 4 comments for post 1n8r21i
2025-09-06 00:38:57,070 - INFO - Extracting comments for post 1n7pay9 (9 total)
2025-09-06 00:38:57,071 - INFO - Successfully extracted 9 comments for post 1n7pay9
2025-09-06 00:38:57,213 - INFO - Extracting comments for post 1n8rd79 (1 total)
2025-09-06 00:38:57,216 - INFO - Successfully extracted 1 comments for post 1n8rd79
2025-09-06 00:38:57,587 - INFO - Extracting comments for post 1n89hl9 (0 total)
2025-09-06 00:38:57,588 - INFO - Successfully extracted 0 comments for post 1n89hl9
2025-09-06 00:38:57,752 - INFO - Extracting comments for post 1n8qga6 (1 total)
2025-09-06 00:38:57,753 - INFO - Successfully extracted 1 comments for post 1n8qga6
2025-09-06 00:38:58,202 - INFO - Extracting comments for post 1n893bw (19 total)
2025-09-06 00:38:58,220 - INFO - Successfully extracted 19 comments for post 1n893bw
2025-09-06 00:38:58,307 - INFO - Extracting comments for post 1n8pldd (2 total)
2025-09-06 00:38:58,308 - INFO - Successfully extracted 2 comments for post 1n8pldd
2025-09-06 00:38:58,867 - INFO - Extracting comments for post 1n87fvg (30 total)
2025-09-06 00:38:58,870 - INFO - Successfully extracted 31 comments for post 1n87fvg
2025-09-06 00:38:58,944 - INFO - Extracting comments for post 1n8oy95 (20 total)
2025-09-06 00:38:58,948 - INFO - Successfully extracted 20 comments for post 1n8oy95
2025-09-06 00:38:59,481 - INFO - Extracting comments for post 1n84utc (13 total)
2025-09-06 00:38:59,489 - INFO - Successfully extracted 13 comments for post 1n84utc
2025-09-06 00:38:59,528 - INFO - Extracting comments for post 1n8ohii (10 total)
2025-09-06 00:38:59,531 - INFO - Successfully extracted 10 comments for post 1n8ohii
2025-09-06 00:39:00,067 - INFO - Extracting comments for post 1n8of2a (0 total)
2025-09-06 00:39:00,067 - INFO - Successfully extracted 0 comments for post 1n8of2a
2025-09-06 00:39:00,598 - INFO - Extracting comments for post 1n84h8s (69 total)
2025-09-06 00:39:00,615 - INFO - Extracting comments for post 1n8o8k3 (1 total)
2025-09-06 00:39:00,617 - INFO - Successfully extracted 1 comments for post 1n8o8k3
2025-09-06 00:39:00,651 - INFO - Successfully extracted 70 comments for post 1n84h8s
2025-09-06 00:39:01,209 - INFO - Extracting comments for post 1n845vj (1 total)
2025-09-06 00:39:01,210 - INFO - Extracting comments for post 1n8nsbs (3 total)
2025-09-06 00:39:01,210 - INFO - Successfully extracted 1 comments for post 1n845vj
2025-09-06 00:39:01,212 - INFO - Successfully extracted 3 comments for post 1n8nsbs
2025-09-06 00:39:01,931 - INFO - Extracting comments for post 1n8312k (21 total)
2025-09-06 00:39:01,934 - INFO - Successfully extracted 21 comments for post 1n8312k
2025-09-06 00:39:02,240 - INFO - Extracting comments for post 1n8l3dp (0 total)
2025-09-06 00:39:02,241 - INFO - Successfully extracted 0 comments for post 1n8l3dp
2025-09-06 00:39:02,257 - INFO - Saved 10 posts to posts_batch_0072.json
2025-09-06 00:39:02,466 - INFO - Extracting comments for post 1n82o39 (2 total)
2025-09-06 00:39:02,467 - INFO - Successfully extracted 2 comments for post 1n82o39
2025-09-06 00:39:02,815 - INFO - Extracting comments for post 1n8inpa (6 total)
2025-09-06 00:39:02,817 - INFO - Successfully extracted 6 comments for post 1n8inpa
2025-09-06 00:39:03,050 - INFO - Extracting comments for post 1n82fd0 (11 total)
2025-09-06 00:39:03,055 - INFO - Successfully extracted 11 comments for post 1n82fd0
2025-09-06 00:39:03,595 - INFO - Extracting comments for post 1n82byt (1 total)
2025-09-06 00:39:03,595 - INFO - Successfully extracted 1 comments for post 1n82byt
2025-09-06 00:39:03,802 - INFO - Extracting comments for post 1n8h0ur (3 total)
2025-09-06 00:39:03,805 - INFO - Successfully extracted 3 comments for post 1n8h0ur
2025-09-06 00:39:04,128 - INFO - Extracting comments for post 1n821zk (0 total)
2025-09-06 00:39:04,129 - INFO - Successfully extracted 0 comments for post 1n821zk
2025-09-06 00:39:04,343 - INFO - Extracting comments for post 1n8lynh (1 total)
2025-09-06 00:39:04,344 - INFO - Successfully extracted 1 comments for post 1n8lynh
2025-09-06 00:39:04,702 - INFO - Extracting comments for post 1n804wn (8 total)
2025-09-06 00:39:04,706 - INFO - Successfully extracted 8 comments for post 1n804wn
2025-09-06 00:39:04,898 - INFO - Extracting comments for post 1n8fh1g (2 total)
2025-09-06 00:39:04,900 - INFO - Successfully extracted 2 comments for post 1n8fh1g
2025-09-06 00:39:05,317 - INFO - Extracting comments for post 1n7zd1o (15 total)
2025-09-06 00:39:05,321 - INFO - Successfully extracted 15 comments for post 1n7zd1o
2025-09-06 00:39:05,572 - INFO - Extracting comments for post 1n8f596 (35 total)
2025-09-06 00:39:05,576 - INFO - Successfully extracted 34 comments for post 1n8f596
2025-09-06 00:39:06,106 - INFO - Extracting comments for post 1n8dzre (0 total)
2025-09-06 00:39:06,108 - INFO - Successfully extracted 0 comments for post 1n8dzre
2025-09-06 00:39:06,466 - INFO - Extracting comments for post 1n7z6qu (0 total)
2025-09-06 00:39:06,467 - INFO - Successfully extracted 0 comments for post 1n7z6qu
2025-09-06 00:39:06,638 - INFO - Extracting comments for post 1n8dunm (0 total)
2025-09-06 00:39:06,640 - INFO - Successfully extracted 0 comments for post 1n8dunm
2025-09-06 00:39:07,022 - INFO - Extracting comments for post 1n7x8xd (5 total)
2025-09-06 00:39:07,024 - INFO - Successfully extracted 5 comments for post 1n7x8xd
2025-09-06 00:39:07,265 - INFO - Extracting comments for post 1n8lvv1 (0 total)
2025-09-06 00:39:07,267 - INFO - Successfully extracted 0 comments for post 1n8lvv1
2025-09-06 00:39:07,596 - INFO - Extracting comments for post 1n7ws2t (0 total)
2025-09-06 00:39:07,598 - INFO - Successfully extracted 0 comments for post 1n7ws2t
2025-09-06 00:39:08,234 - INFO - Extracting comments for post 1n7wpdc (15 total)
2025-09-06 00:39:08,237 - INFO - Successfully extracted 15 comments for post 1n7wpdc
2025-09-06 00:39:08,369 - INFO - Extracting comments for post 1n8l3ke (35 total)
2025-09-06 00:39:08,508 - INFO - Successfully extracted 35 comments for post 1n8l3ke
2025-09-06 00:39:08,788 - INFO - Extracting comments for post 1n7v4dd (1 total)
2025-09-06 00:39:08,789 - INFO - Successfully extracted 1 comments for post 1n7v4dd
2025-09-06 00:39:09,063 - INFO - Extracting comments for post 1n8i3y0 (3 total)
2025-09-06 00:39:09,065 - INFO - Successfully extracted 3 comments for post 1n8i3y0
2025-09-06 00:39:09,316 - INFO - Saved 10 posts to posts_batch_0073.json
2025-09-06 00:39:09,398 - INFO - Extracting comments for post 1n7ugtu (10 total)
2025-09-06 00:39:09,410 - INFO - Successfully extracted 10 comments for post 1n7ugtu
2025-09-06 00:39:09,901 - INFO - Extracting comments for post 1n8i0so (6 total)
2025-09-06 00:39:09,903 - INFO - Successfully extracted 6 comments for post 1n8i0so
2025-09-06 00:39:10,204 - INFO - Extracting comments for post 1n7txak (37 total)
2025-09-06 00:39:10,273 - INFO - Successfully extracted 37 comments for post 1n7txak
2025-09-06 00:39:10,458 - INFO - Extracting comments for post 1n8hjq6 (6 total)
2025-09-06 00:39:10,461 - INFO - Successfully extracted 6 comments for post 1n8hjq6
2025-09-06 00:39:10,857 - INFO - Extracting comments for post 1n7tvcq (11 total)
2025-09-06 00:39:10,858 - INFO - Successfully extracted 11 comments for post 1n7tvcq
2025-09-06 00:39:11,005 - INFO - Extracting comments for post 1n8hcj0 (1 total)
2025-09-06 00:39:11,007 - INFO - Successfully extracted 1 comments for post 1n8hcj0
2025-09-06 00:39:11,604 - INFO - Extracting comments for post 1n8gzqe (1 total)
2025-09-06 00:39:11,605 - INFO - Successfully extracted 1 comments for post 1n8gzqe
2025-09-06 00:39:11,788 - INFO - Extracting comments for post 1n7ticw (42 total)
2025-09-06 00:39:11,795 - INFO - Successfully extracted 41 comments for post 1n7ticw
2025-09-06 00:39:12,165 - INFO - Extracting comments for post 1n8gb9u (7 total)
2025-09-06 00:39:12,166 - INFO - Successfully extracted 7 comments for post 1n8gb9u
2025-09-06 00:39:12,528 - INFO - Extracting comments for post 1n7tcmk (40 total)
2025-09-06 00:39:12,537 - INFO - Successfully extracted 40 comments for post 1n7tcmk
2025-09-06 00:39:12,735 - INFO - Extracting comments for post 1n8gb9t (10 total)
2025-09-06 00:39:12,738 - INFO - Successfully extracted 10 comments for post 1n8gb9t
2025-09-06 00:39:12,956 - INFO - Saved 24 posts to posts_batch_0030.json
2025-09-06 00:39:12,959 - INFO - Scraping completed. Total posts processed: 763
2025-09-06 00:39:12,960 - INFO - Posts skipped (already processed): 1
2025-09-06 00:39:12,962 - INFO - Scraping phase completed successfully
2025-09-06 00:39:12,964 - INFO - Starting cleaning phase
2025-09-06 00:39:12,965 - INFO - Starting text cleaning process
2025-09-06 00:39:13,296 - INFO - Extracting comments for post 1n8f7w2 (4 total)
2025-09-06 00:39:13,298 - INFO - Successfully extracted 4 comments for post 1n8f7w2
2025-09-06 00:39:13,841 - INFO - Extracting comments for post 1n8en8y (1 total)
2025-09-06 00:39:13,841 - INFO - Successfully extracted 1 comments for post 1n8en8y
2025-09-06 00:39:14,421 - INFO - Extracting comments for post 1n8e078 (1 total)
2025-09-06 00:39:14,421 - INFO - Successfully extracted 1 comments for post 1n8e078
2025-09-06 00:39:14,680 - INFO - Text cleaning completed. Total posts processed: 149
2025-09-06 00:39:14,681 - INFO - Output files saved in: data/clean
2025-09-06 00:39:14,683 - INFO - Cleaning phase completed successfully
2025-09-06 00:39:14,684 - INFO - Pipeline completed successfully in 0:01:05.814943
2025-09-06 00:39:14,966 - INFO - Extracting comments for post 1n8clga (5 total)
2025-09-06 00:39:14,968 - INFO - Successfully extracted 5 comments for post 1n8clga
2025-09-06 00:39:14,980 - INFO - Saved 10 posts to posts_batch_0074.json
2025-09-06 00:39:15,543 - INFO - Extracting comments for post 1n8caux (0 total)
2025-09-06 00:39:15,544 - INFO - Successfully extracted 0 comments for post 1n8caux
2025-09-06 00:39:16,076 - INFO - Extracting comments for post 1n7rrom (0 total)
2025-09-06 00:39:16,079 - INFO - Successfully extracted 0 comments for post 1n7rrom
2025-09-06 00:39:16,721 - INFO - Extracting comments for post 1n8aj0d (17 total)
2025-09-06 00:39:16,723 - INFO - Successfully extracted 17 comments for post 1n8aj0d
2025-09-06 00:39:17,263 - INFO - Extracting comments for post 1n895ni (0 total)
2025-09-06 00:39:17,265 - INFO - Successfully extracted 0 comments for post 1n895ni
2025-09-06 00:39:17,785 - INFO - Extracting comments for post 1n88n0m (0 total)
2025-09-06 00:39:17,786 - INFO - Successfully extracted 0 comments for post 1n88n0m
2025-09-06 00:39:18,329 - INFO - Extracting comments for post 1n85rtp (0 total)
2025-09-06 00:39:18,331 - INFO - Successfully extracted 0 comments for post 1n85rtp
2025-09-06 00:39:18,855 - INFO - Extracting comments for post 1n841jp (0 total)
2025-09-06 00:39:18,856 - INFO - Successfully extracted 0 comments for post 1n841jp
2025-09-06 00:39:19,368 - INFO - Extracting comments for post 1n7z3o6 (0 total)
2025-09-06 00:39:19,368 - INFO - Successfully extracted 0 comments for post 1n7z3o6
2025-09-06 00:39:19,908 - INFO - Extracting comments for post 1n7xpgl (1 total)
2025-09-06 00:39:19,909 - INFO - Successfully extracted 1 comments for post 1n7xpgl
2025-09-06 00:39:20,457 - INFO - Extracting comments for post 1n7w3dh (7 total)
2025-09-06 00:39:20,459 - INFO - Successfully extracted 7 comments for post 1n7w3dh
2025-09-06 00:39:20,469 - INFO - Saved 10 posts to posts_batch_0075.json
2025-09-06 00:39:21,072 - INFO - Extracting comments for post 1n7vay7 (0 total)
2025-09-06 00:39:21,073 - INFO - Successfully extracted 0 comments for post 1n7vay7
2025-09-06 00:39:21,685 - INFO - Extracting comments for post 1n7ths3 (0 total)
2025-09-06 00:39:21,686 - INFO - Successfully extracted 0 comments for post 1n7ths3
2025-09-06 00:39:22,215 - INFO - Extracting comments for post 1n7t9gp (0 total)
2025-09-06 00:39:22,216 - INFO - Successfully extracted 0 comments for post 1n7t9gp
2025-09-06 00:39:22,797 - INFO - Extracting comments for post 1n7t74m (0 total)
2025-09-06 00:39:22,799 - INFO - Successfully extracted 0 comments for post 1n7t74m
2025-09-06 00:39:23,338 - INFO - Extracting comments for post 1n7rq17 (1 total)
2025-09-06 00:39:23,339 - INFO - Successfully extracted 1 comments for post 1n7rq17
2025-09-06 00:39:23,910 - INFO - Extracting comments for post 1n7pay9 (9 total)
2025-09-06 00:39:23,911 - INFO - Successfully extracted 9 comments for post 1n7pay9
2025-09-06 00:39:24,443 - INFO - Extracting comments for post 1n89hl9 (0 total)
2025-09-06 00:39:24,445 - INFO - Successfully extracted 0 comments for post 1n89hl9
2025-09-06 00:39:25,044 - INFO - Extracting comments for post 1n893bw (19 total)
2025-09-06 00:39:25,051 - INFO - Successfully extracted 19 comments for post 1n893bw
2025-09-06 00:39:25,686 - INFO - Extracting comments for post 1n87fvg (30 total)
2025-09-06 00:39:25,690 - INFO - Successfully extracted 31 comments for post 1n87fvg
2025-09-06 00:39:26,314 - INFO - Extracting comments for post 1n84utc (13 total)
2025-09-06 00:39:26,322 - INFO - Successfully extracted 13 comments for post 1n84utc
2025-09-06 00:39:26,349 - INFO - Saved 10 posts to posts_batch_0076.json
2025-09-06 00:39:27,399 - INFO - Extracting comments for post 1n84h8s (69 total)
2025-09-06 00:39:27,424 - INFO - Successfully extracted 70 comments for post 1n84h8s
2025-09-06 00:39:27,969 - INFO - Extracting comments for post 1n845vj (1 total)
2025-09-06 00:39:27,970 - INFO - Successfully extracted 1 comments for post 1n845vj
2025-09-06 00:39:28,629 - INFO - Extracting comments for post 1n8312k (21 total)
2025-09-06 00:39:28,634 - INFO - Successfully extracted 21 comments for post 1n8312k
2025-09-06 00:39:29,183 - INFO - Extracting comments for post 1n82o39 (2 total)
2025-09-06 00:39:29,185 - INFO - Successfully extracted 2 comments for post 1n82o39
2025-09-06 00:39:29,773 - INFO - Extracting comments for post 1n82fd0 (11 total)
2025-09-06 00:39:29,778 - INFO - Successfully extracted 11 comments for post 1n82fd0
2025-09-06 00:39:30,329 - INFO - Extracting comments for post 1n82byt (1 total)
2025-09-06 00:39:30,333 - INFO - Successfully extracted 1 comments for post 1n82byt
2025-09-06 00:39:30,864 - INFO - Extracting comments for post 1n821zk (0 total)
2025-09-06 00:39:30,868 - INFO - Successfully extracted 0 comments for post 1n821zk
2025-09-06 00:39:31,509 - INFO - Extracting comments for post 1n804wn (8 total)
2025-09-06 00:39:31,517 - INFO - Successfully extracted 8 comments for post 1n804wn
2025-09-06 00:39:32,148 - INFO - Extracting comments for post 1n7zd1o (15 total)
2025-09-06 00:39:32,156 - INFO - Successfully extracted 15 comments for post 1n7zd1o
2025-09-06 00:39:32,749 - INFO - Extracting comments for post 1n7z6qu (0 total)
2025-09-06 00:39:32,752 - INFO - Successfully extracted 0 comments for post 1n7z6qu
2025-09-06 00:39:32,830 - INFO - Saved 10 posts to posts_batch_0077.json
2025-09-06 00:39:33,377 - INFO - Extracting comments for post 1n7x8xd (5 total)
2025-09-06 00:39:33,379 - INFO - Successfully extracted 5 comments for post 1n7x8xd
2025-09-06 00:39:33,902 - INFO - Extracting comments for post 1n7ws2t (0 total)
2025-09-06 00:39:33,904 - INFO - Successfully extracted 0 comments for post 1n7ws2t
2025-09-06 00:39:34,488 - INFO - Extracting comments for post 1n7wpdc (15 total)
2025-09-06 00:39:34,492 - INFO - Successfully extracted 15 comments for post 1n7wpdc
2025-09-06 00:39:35,020 - INFO - Extracting comments for post 1n7v4dd (1 total)
2025-09-06 00:39:35,020 - INFO - Successfully extracted 1 comments for post 1n7v4dd
2025-09-06 00:39:35,597 - INFO - Extracting comments for post 1n7ugtu (10 total)
2025-09-06 00:39:35,599 - INFO - Successfully extracted 10 comments for post 1n7ugtu
2025-09-06 00:39:36,551 - INFO - Extracting comments for post 1n7txak (37 total)
2025-09-06 00:39:36,629 - INFO - Successfully extracted 37 comments for post 1n7txak
2025-09-06 00:39:37,210 - INFO - Extracting comments for post 1n7tvcq (11 total)
2025-09-06 00:39:37,211 - INFO - Successfully extracted 11 comments for post 1n7tvcq
2025-09-06 00:39:38,115 - INFO - Extracting comments for post 1n7ticw (42 total)
2025-09-06 00:39:38,117 - INFO - Successfully extracted 41 comments for post 1n7ticw
2025-09-06 00:39:38,819 - INFO - Extracting comments for post 1n7tcmk (40 total)
2025-09-06 00:39:38,822 - INFO - Successfully extracted 40 comments for post 1n7tcmk
2025-09-06 00:39:39,130 - INFO - Saved 9 posts to posts_batch_0078.json
2025-09-06 00:39:39,131 - INFO - Scraping completed. Total posts processed: 788
2025-09-06 00:39:39,131 - INFO - Posts skipped (already processed): 1
2025-09-06 00:39:39,132 - INFO - Scraping phase completed successfully
2025-09-06 00:39:39,132 - INFO - Starting cleaning phase
2025-09-06 00:39:39,132 - INFO - Starting text cleaning process
2025-09-06 00:39:39,644 - INFO - Text cleaning completed. Total posts processed: 49
2025-09-06 00:39:39,644 - INFO - Output files saved in: data/clean
2025-09-06 00:39:39,645 - INFO - Cleaning phase completed successfully
2025-09-06 00:39:39,646 - INFO - Pipeline completed successfully in 0:01:03.606519
2025-09-06 00:40:28,856 - INFO - Starting full pipeline at 2025-09-06 00:40:28.856818
2025-09-06 00:40:28,856 - INFO - Pipeline components initialized successfully
2025-09-06 00:40:28,856 - INFO - Starting scraping phase
2025-09-06 00:40:28,856 - INFO - Starting to scrape r/EngineeringStudents
2025-09-06 00:40:28,856 - INFO - No limit set - will scrape ALL available posts
2025-09-06 00:40:31,934 - INFO - Extracting comments for post 1n9dxlv (1 total)
2025-09-06 00:40:31,934 - INFO - Successfully extracted 1 comments for post 1n9dxlv
2025-09-06 00:40:32,651 - INFO - Extracting comments for post 1n9ak95 (2 total)
2025-09-06 00:40:32,651 - INFO - Successfully extracted 2 comments for post 1n9ak95
2025-09-06 00:40:33,365 - INFO - Extracting comments for post 1n98sn5 (0 total)
2025-09-06 00:40:33,365 - INFO - Successfully extracted 0 comments for post 1n98sn5
2025-09-06 00:40:34,084 - INFO - Extracting comments for post 1n97lxy (0 total)
2025-09-06 00:40:34,085 - INFO - Successfully extracted 0 comments for post 1n97lxy
2025-09-06 00:40:34,880 - INFO - Extracting comments for post 1n97htu (35 total)
2025-09-06 00:40:34,884 - INFO - Successfully extracted 35 comments for post 1n97htu
2025-09-06 00:40:36,031 - INFO - Extracting comments for post 1n8saeu (5 total)
2025-09-06 00:40:36,031 - INFO - Successfully extracted 5 comments for post 1n8saeu
2025-09-06 00:40:36,749 - INFO - Extracting comments for post 1n969d5 (4 total)
2025-09-06 00:40:36,749 - INFO - Successfully extracted 4 comments for post 1n969d5
2025-09-06 00:40:37,359 - INFO - Extracting comments for post 1n8u91n (3 total)
2025-09-06 00:40:37,359 - INFO - Successfully extracted 3 comments for post 1n8u91n
2025-09-06 00:40:37,974 - INFO - Extracting comments for post 1n8xf9d (0 total)
2025-09-06 00:40:37,975 - INFO - Successfully extracted 0 comments for post 1n8xf9d
2025-09-06 00:40:38,587 - INFO - Extracting comments for post 1n8xlkl (0 total)
2025-09-06 00:40:38,587 - INFO - Successfully extracted 0 comments for post 1n8xlkl
2025-09-06 00:40:39,182 - INFO - Extracting comments for post 1n91sw6 (0 total)
2025-09-06 00:40:39,182 - INFO - Successfully extracted 0 comments for post 1n91sw6
2025-09-06 00:40:39,841 - INFO - Extracting comments for post 1n93ckb (1 total)
2025-09-06 00:40:39,841 - INFO - Successfully extracted 1 comments for post 1n93ckb
2025-09-06 00:40:40,433 - INFO - Extracting comments for post 1n9400x (0 total)
2025-09-06 00:40:40,433 - INFO - Successfully extracted 0 comments for post 1n9400x
2025-09-06 00:40:41,150 - INFO - Extracting comments for post 1n95uci (0 total)
2025-09-06 00:40:41,154 - INFO - Successfully extracted 0 comments for post 1n95uci
2025-09-06 00:40:41,759 - INFO - Extracting comments for post 1n95cmp (2 total)
2025-09-06 00:40:41,760 - INFO - Successfully extracted 2 comments for post 1n95cmp
2025-09-06 00:40:42,391 - INFO - Extracting comments for post 1n93s48 (5 total)
2025-09-06 00:40:42,391 - INFO - Successfully extracted 5 comments for post 1n93s48
2025-09-06 00:40:43,105 - INFO - Extracting comments for post 1n92oz7 (18 total)
2025-09-06 00:40:43,112 - INFO - Successfully extracted 18 comments for post 1n92oz7
2025-09-06 00:40:43,814 - INFO - Extracting comments for post 1n92kz6 (0 total)
2025-09-06 00:40:43,814 - INFO - Successfully extracted 0 comments for post 1n92kz6
2025-09-06 00:40:44,427 - INFO - Extracting comments for post 1n92jdq (4 total)
2025-09-06 00:40:44,428 - INFO - Successfully extracted 4 comments for post 1n92jdq
2025-09-06 00:40:45,147 - INFO - Extracting comments for post 1n90xlk (20 total)
2025-09-06 00:40:45,147 - INFO - Successfully extracted 20 comments for post 1n90xlk
2025-09-06 00:40:45,856 - INFO - Extracting comments for post 1n90cq1 (4 total)
2025-09-06 00:40:45,856 - INFO - Successfully extracted 4 comments for post 1n90cq1
2025-09-06 00:40:46,573 - INFO - Extracting comments for post 1n8yge7 (6 total)
2025-09-06 00:40:46,576 - INFO - Successfully extracted 6 comments for post 1n8yge7
2025-09-06 00:40:47,167 - INFO - Extracting comments for post 1n8y6k8 (1 total)
2025-09-06 00:40:47,168 - INFO - Successfully extracted 1 comments for post 1n8y6k8
2025-09-06 00:40:47,809 - INFO - Extracting comments for post 1n8y6hj (5 total)
2025-09-06 00:40:47,809 - INFO - Successfully extracted 5 comments for post 1n8y6hj
2025-09-06 00:40:48,525 - INFO - Extracting comments for post 1n8wmja (4 total)
2025-09-06 00:40:48,526 - INFO - Successfully extracted 4 comments for post 1n8wmja
2025-09-06 00:40:49,337 - INFO - Extracting comments for post 1n8ty1b (43 total)
2025-09-06 00:40:49,340 - INFO - Successfully extracted 43 comments for post 1n8ty1b
2025-09-06 00:40:49,925 - INFO - Extracting comments for post 1n8tfs0 (1 total)
2025-09-06 00:40:49,926 - INFO - Successfully extracted 1 comments for post 1n8tfs0
2025-09-06 00:40:50,517 - INFO - Extracting comments for post 1n8s9l7 (2 total)
2025-09-06 00:40:50,518 - INFO - Successfully extracted 2 comments for post 1n8s9l7
2025-09-06 00:40:51,232 - INFO - Extracting comments for post 1n8s41x (29 total)
2025-09-06 00:40:51,237 - INFO - Successfully extracted 27 comments for post 1n8s41x
2025-09-06 00:40:51,813 - INFO - Extracting comments for post 1n8mu2l (1 total)
2025-09-06 00:40:51,814 - INFO - Successfully extracted 1 comments for post 1n8mu2l
2025-09-06 00:40:52,514 - INFO - Extracting comments for post 1n8n5oc (1 total)
2025-09-06 00:40:52,516 - INFO - Successfully extracted 1 comments for post 1n8n5oc
2025-09-06 00:40:53,135 - INFO - Extracting comments for post 1n8r21i (4 total)
2025-09-06 00:40:53,139 - INFO - Successfully extracted 4 comments for post 1n8r21i
2025-09-06 00:40:53,847 - INFO - Extracting comments for post 1n8rd79 (1 total)
2025-09-06 00:40:53,850 - INFO - Successfully extracted 1 comments for post 1n8rd79
2025-09-06 00:40:54,565 - INFO - Extracting comments for post 1n8qga6 (1 total)
2025-09-06 00:40:54,566 - INFO - Successfully extracted 1 comments for post 1n8qga6
2025-09-06 00:40:55,177 - INFO - Extracting comments for post 1n8pldd (2 total)
2025-09-06 00:40:55,179 - INFO - Successfully extracted 2 comments for post 1n8pldd
2025-09-06 00:40:56,003 - INFO - Extracting comments for post 1n8oy95 (20 total)
2025-09-06 00:40:56,007 - INFO - Successfully extracted 20 comments for post 1n8oy95
2025-09-06 00:40:56,720 - INFO - Extracting comments for post 1n8ohii (10 total)
2025-09-06 00:40:56,722 - INFO - Successfully extracted 10 comments for post 1n8ohii
2025-09-06 00:40:57,329 - INFO - Extracting comments for post 1n8of2a (0 total)
2025-09-06 00:40:57,330 - INFO - Successfully extracted 0 comments for post 1n8of2a
2025-09-06 00:40:58,047 - INFO - Extracting comments for post 1n8o8k3 (1 total)
2025-09-06 00:40:58,049 - INFO - Successfully extracted 1 comments for post 1n8o8k3
2025-09-06 00:40:58,667 - INFO - Extracting comments for post 1n8nsbs (3 total)
2025-09-06 00:40:58,669 - INFO - Successfully extracted 3 comments for post 1n8nsbs
2025-09-06 00:40:59,377 - INFO - Extracting comments for post 1n8l3dp (0 total)
2025-09-06 00:40:59,381 - INFO - Successfully extracted 0 comments for post 1n8l3dp
2025-09-06 00:41:00,015 - INFO - Extracting comments for post 1n8inpa (6 total)
2025-09-06 00:41:00,026 - INFO - Successfully extracted 6 comments for post 1n8inpa
2025-09-06 00:41:00,694 - INFO - Extracting comments for post 1n8h0ur (3 total)
2025-09-06 00:41:00,702 - INFO - Successfully extracted 3 comments for post 1n8h0ur
2025-09-06 00:41:01,327 - INFO - Extracting comments for post 1n8lynh (1 total)
2025-09-06 00:41:01,329 - INFO - Successfully extracted 1 comments for post 1n8lynh
2025-09-06 00:41:01,938 - INFO - Extracting comments for post 1n8fh1g (2 total)
2025-09-06 00:41:01,940 - INFO - Successfully extracted 2 comments for post 1n8fh1g
2025-09-06 00:41:02,768 - INFO - Extracting comments for post 1n8f596 (35 total)
2025-09-06 00:41:02,772 - INFO - Successfully extracted 34 comments for post 1n8f596
2025-09-06 00:41:03,473 - INFO - Extracting comments for post 1n8dzre (0 total)
2025-09-06 00:41:03,474 - INFO - Successfully extracted 0 comments for post 1n8dzre
2025-09-06 00:41:04,055 - INFO - Extracting comments for post 1n8dunm (0 total)
2025-09-06 00:41:04,057 - INFO - Successfully extracted 0 comments for post 1n8dunm
2025-09-06 00:41:04,811 - INFO - Extracting comments for post 1n8lvv1 (0 total)
2025-09-06 00:41:04,813 - INFO - Successfully extracted 0 comments for post 1n8lvv1
2025-09-06 00:41:06,442 - INFO - Extracting comments for post 1n8l3ke (35 total)
2025-09-06 00:41:06,595 - INFO - Successfully extracted 35 comments for post 1n8l3ke
2025-09-06 00:41:06,848 - INFO - Saved 50 posts to posts_batch_0001.json
2025-09-06 00:41:07,571 - INFO - Extracting comments for post 1n8i3y0 (3 total)
2025-09-06 00:41:07,574 - INFO - Successfully extracted 3 comments for post 1n8i3y0
2025-09-06 00:41:08,288 - INFO - Extracting comments for post 1n8i0so (6 total)
2025-09-06 00:41:08,290 - INFO - Successfully extracted 6 comments for post 1n8i0so
2025-09-06 00:41:09,005 - INFO - Extracting comments for post 1n8hjq6 (6 total)
2025-09-06 00:41:09,007 - INFO - Successfully extracted 6 comments for post 1n8hjq6
2025-09-06 00:41:09,614 - INFO - Extracting comments for post 1n8hcj0 (1 total)
2025-09-06 00:41:09,616 - INFO - Successfully extracted 1 comments for post 1n8hcj0
2025-09-06 00:41:10,253 - INFO - Extracting comments for post 1n8gzqe (1 total)
2025-09-06 00:41:10,255 - INFO - Successfully extracted 1 comments for post 1n8gzqe
2025-09-06 00:41:10,875 - INFO - Extracting comments for post 1n8gb9u (7 total)
2025-09-06 00:41:10,879 - INFO - Successfully extracted 7 comments for post 1n8gb9u
2025-09-06 00:41:11,515 - INFO - Extracting comments for post 1n8gb9t (10 total)
2025-09-06 00:41:11,519 - INFO - Successfully extracted 10 comments for post 1n8gb9t
2025-09-06 00:41:12,179 - INFO - Extracting comments for post 1n8f7w2 (4 total)
2025-09-06 00:41:12,180 - INFO - Successfully extracted 4 comments for post 1n8f7w2
2025-09-06 00:41:12,792 - INFO - Extracting comments for post 1n8en8y (1 total)
2025-09-06 00:41:12,794 - INFO - Successfully extracted 1 comments for post 1n8en8y
2025-09-06 00:41:13,509 - INFO - Extracting comments for post 1n8e078 (1 total)
2025-09-06 00:41:13,510 - INFO - Successfully extracted 1 comments for post 1n8e078
2025-09-06 00:41:14,226 - INFO - Extracting comments for post 1n8clga (5 total)
2025-09-06 00:41:14,228 - INFO - Successfully extracted 5 comments for post 1n8clga
2025-09-06 00:41:14,874 - INFO - Extracting comments for post 1n8caux (0 total)
2025-09-06 00:41:14,877 - INFO - Successfully extracted 0 comments for post 1n8caux
2025-09-06 00:41:15,555 - INFO - Extracting comments for post 1n7rrom (0 total)
2025-09-06 00:41:15,558 - INFO - Successfully extracted 0 comments for post 1n7rrom
2025-09-06 00:41:16,280 - INFO - Extracting comments for post 1n8aj0d (17 total)
2025-09-06 00:41:16,354 - INFO - Successfully extracted 17 comments for post 1n8aj0d
2025-09-06 00:41:16,989 - INFO - Extracting comments for post 1n895ni (0 total)
2025-09-06 00:41:16,990 - INFO - Successfully extracted 0 comments for post 1n895ni
2025-09-06 00:41:17,603 - INFO - Extracting comments for post 1n88n0m (0 total)
2025-09-06 00:41:17,606 - INFO - Successfully extracted 0 comments for post 1n88n0m
2025-09-06 00:41:18,220 - INFO - Extracting comments for post 1n85rtp (0 total)
2025-09-06 00:41:18,221 - INFO - Successfully extracted 0 comments for post 1n85rtp
2025-09-06 00:41:18,816 - INFO - Extracting comments for post 1n841jp (0 total)
2025-09-06 00:41:18,817 - INFO - Successfully extracted 0 comments for post 1n841jp
2025-09-06 00:41:19,400 - INFO - Extracting comments for post 1n7z3o6 (0 total)
2025-09-06 00:41:19,400 - INFO - Successfully extracted 0 comments for post 1n7z3o6
2025-09-06 00:41:19,989 - INFO - Extracting comments for post 1n7xpgl (1 total)
2025-09-06 00:41:19,991 - INFO - Successfully extracted 1 comments for post 1n7xpgl
2025-09-06 00:41:20,632 - INFO - Extracting comments for post 1n7w3dh (7 total)
2025-09-06 00:41:20,638 - INFO - Successfully extracted 7 comments for post 1n7w3dh
2025-09-06 00:41:21,234 - INFO - Extracting comments for post 1n7vay7 (0 total)
2025-09-06 00:41:21,236 - INFO - Successfully extracted 0 comments for post 1n7vay7
2025-09-06 00:41:21,831 - INFO - Extracting comments for post 1n7ths3 (0 total)
2025-09-06 00:41:21,832 - INFO - Successfully extracted 0 comments for post 1n7ths3
2025-09-06 00:41:22,439 - INFO - Extracting comments for post 1n7t9gp (0 total)
2025-09-06 00:41:22,440 - INFO - Successfully extracted 0 comments for post 1n7t9gp
2025-09-06 00:41:23,024 - INFO - Extracting comments for post 1n7t74m (0 total)
2025-09-06 00:41:23,027 - INFO - Successfully extracted 0 comments for post 1n7t74m
2025-09-06 00:41:24,363 - INFO - Extracting comments for post 1n7rq17 (1 total)
2025-09-06 00:41:24,363 - INFO - Successfully extracted 1 comments for post 1n7rq17
2025-09-06 00:41:25,082 - INFO - Extracting comments for post 1n7pay9 (9 total)
2025-09-06 00:41:25,085 - INFO - Successfully extracted 9 comments for post 1n7pay9
2025-09-06 00:41:25,694 - INFO - Extracting comments for post 1n89hl9 (0 total)
2025-09-06 00:41:25,702 - INFO - Successfully extracted 0 comments for post 1n89hl9
2025-09-06 00:41:26,518 - INFO - Extracting comments for post 1n893bw (19 total)
2025-09-06 00:41:26,522 - INFO - Successfully extracted 19 comments for post 1n893bw
2025-09-06 00:41:27,344 - INFO - Extracting comments for post 1n87fvg (30 total)
2025-09-06 00:41:27,349 - INFO - Successfully extracted 31 comments for post 1n87fvg
2025-09-06 00:41:28,155 - INFO - Extracting comments for post 1n84utc (13 total)
2025-09-06 00:41:28,161 - INFO - Successfully extracted 13 comments for post 1n84utc
2025-09-06 00:41:29,299 - INFO - Extracting comments for post 1n84h8s (69 total)
2025-09-06 00:41:29,330 - INFO - Successfully extracted 70 comments for post 1n84h8s
2025-09-06 00:41:29,937 - INFO - Extracting comments for post 1n845vj (1 total)
2025-09-06 00:41:29,938 - INFO - Successfully extracted 1 comments for post 1n845vj
2025-09-06 00:41:30,677 - INFO - Extracting comments for post 1n8312k (21 total)
2025-09-06 00:41:30,681 - INFO - Successfully extracted 21 comments for post 1n8312k
2025-09-06 00:41:31,287 - INFO - Extracting comments for post 1n82o39 (2 total)
2025-09-06 00:41:31,288 - INFO - Successfully extracted 2 comments for post 1n82o39
2025-09-06 00:41:31,950 - INFO - Extracting comments for post 1n82fd0 (11 total)
2025-09-06 00:41:31,955 - INFO - Successfully extracted 11 comments for post 1n82fd0
2025-09-06 00:41:32,628 - INFO - Extracting comments for post 1n82byt (1 total)
2025-09-06 00:41:32,631 - INFO - Successfully extracted 1 comments for post 1n82byt
2025-09-06 00:41:33,272 - INFO - Extracting comments for post 1n821zk (0 total)
2025-09-06 00:41:33,275 - INFO - Successfully extracted 0 comments for post 1n821zk
2025-09-06 00:41:33,963 - INFO - Extracting comments for post 1n804wn (8 total)
2025-09-06 00:41:33,972 - INFO - Successfully extracted 8 comments for post 1n804wn
2025-09-06 00:41:34,715 - INFO - Extracting comments for post 1n7zd1o (15 total)
2025-09-06 00:41:34,723 - INFO - Successfully extracted 15 comments for post 1n7zd1o
2025-09-06 00:41:35,424 - INFO - Extracting comments for post 1n7z6qu (0 total)
2025-09-06 00:41:35,425 - INFO - Successfully extracted 0 comments for post 1n7z6qu
2025-09-06 00:41:36,056 - INFO - Extracting comments for post 1n7x8xd (5 total)
2025-09-06 00:41:36,058 - INFO - Successfully extracted 5 comments for post 1n7x8xd
2025-09-06 00:41:36,651 - INFO - Extracting comments for post 1n7ws2t (0 total)
2025-09-06 00:41:36,654 - INFO - Successfully extracted 0 comments for post 1n7ws2t
2025-09-06 00:41:37,376 - INFO - Extracting comments for post 1n7wpdc (15 total)
2025-09-06 00:41:37,381 - INFO - Successfully extracted 15 comments for post 1n7wpdc
2025-09-06 00:41:37,976 - INFO - Extracting comments for post 1n7v4dd (1 total)
2025-09-06 00:41:37,977 - INFO - Successfully extracted 1 comments for post 1n7v4dd
2025-09-06 00:41:38,702 - INFO - Extracting comments for post 1n7ugtu (10 total)
2025-09-06 00:41:38,707 - INFO - Successfully extracted 10 comments for post 1n7ugtu
2025-09-06 00:41:39,532 - INFO - Extracting comments for post 1n7txak (37 total)
2025-09-06 00:41:39,619 - INFO - Successfully extracted 37 comments for post 1n7txak
2025-09-06 00:41:40,243 - INFO - Extracting comments for post 1n7tvcq (11 total)
2025-09-06 00:41:40,245 - INFO - Successfully extracted 11 comments for post 1n7tvcq
2025-09-06 00:41:41,263 - INFO - Extracting comments for post 1n7ticw (42 total)
2025-09-06 00:41:41,268 - INFO - Successfully extracted 41 comments for post 1n7ticw
2025-09-06 00:41:42,052 - INFO - Extracting comments for post 1n7tcmk (40 total)
2025-09-06 00:41:42,060 - INFO - Successfully extracted 40 comments for post 1n7tcmk
2025-09-06 00:41:42,331 - INFO - Saved 50 posts to posts_batch_0002.json
2025-09-06 00:41:42,540 - INFO - Scraping completed. Total posts processed: 100
2025-09-06 00:41:42,542 - INFO - Posts skipped (already processed): 0
2025-09-06 00:41:42,543 - INFO - Scraping phase completed successfully
2025-09-06 00:41:42,545 - INFO - Starting cleaning phase
2025-09-06 00:41:42,549 - INFO - Starting text cleaning process
2025-09-06 00:41:43,946 - INFO - Text cleaning completed. Total posts processed: 100
2025-09-06 00:41:43,947 - INFO - Output files saved in: data/clean
2025-09-06 00:41:43,955 - INFO - Cleaning phase completed successfully
2025-09-06 00:41:43,956 - INFO - Pipeline completed successfully in 0:01:15.099450
2025-09-06 00:43:06,030 - INFO - Starting full pipeline at 2025-09-06 00:43:06.030800
2025-09-06 00:43:06,033 - INFO - Pipeline components initialized successfully
2025-09-06 00:43:06,033 - INFO - Starting scraping phase
2025-09-06 00:43:06,034 - INFO - Starting to scrape r/EngineeringStudents
2025-09-06 00:43:06,034 - INFO - No limit set - will scrape ALL available posts
2025-09-06 00:43:09,271 - INFO - Extracting comments for post 1n9dxlv (1 total)
2025-09-06 00:43:09,273 - INFO - Successfully extracted 1 comments for post 1n9dxlv
2025-09-06 00:43:09,872 - INFO - Extracting comments for post 1n9ak95 (2 total)
2025-09-06 00:43:09,874 - INFO - Successfully extracted 2 comments for post 1n9ak95
2025-09-06 00:43:10,490 - INFO - Extracting comments for post 1n98sn5 (0 total)
2025-09-06 00:43:10,490 - INFO - Successfully extracted 0 comments for post 1n98sn5
2025-09-06 00:43:11,167 - INFO - Extracting comments for post 1n97lxy (0 total)
2025-09-06 00:43:11,167 - INFO - Successfully extracted 0 comments for post 1n97lxy
2025-09-06 00:43:11,931 - INFO - Extracting comments for post 1n97htu (35 total)
2025-09-06 00:43:11,931 - INFO - Successfully extracted 35 comments for post 1n97htu
2025-09-06 00:43:13,000 - WARNING - Retrying due to 500 status: GET https://oauth.reddit.com/comments/1n8saeu/
2025-09-06 00:43:14,105 - INFO - Extracting comments for post 1n8saeu (5 total)
2025-09-06 00:43:14,105 - INFO - Successfully extracted 5 comments for post 1n8saeu
2025-09-06 00:43:14,722 - INFO - Extracting comments for post 1n969d5 (4 total)
2025-09-06 00:43:14,723 - INFO - Successfully extracted 4 comments for post 1n969d5
2025-09-06 00:43:15,362 - INFO - Extracting comments for post 1n8u91n (3 total)
2025-09-06 00:43:15,362 - INFO - Successfully extracted 3 comments for post 1n8u91n
2025-09-06 00:43:15,979 - INFO - Extracting comments for post 1n8xf9d (0 total)
2025-09-06 00:43:15,979 - INFO - Successfully extracted 0 comments for post 1n8xf9d
2025-09-06 00:43:16,695 - INFO - Extracting comments for post 1n8xlkl (0 total)
2025-09-06 00:43:16,697 - INFO - Successfully extracted 0 comments for post 1n8xlkl
2025-09-06 00:43:17,306 - INFO - Extracting comments for post 1n91sw6 (0 total)
2025-09-06 00:43:17,306 - INFO - Successfully extracted 0 comments for post 1n91sw6
2025-09-06 00:43:18,026 - INFO - Extracting comments for post 1n93ckb (1 total)
2025-09-06 00:43:18,027 - INFO - Successfully extracted 1 comments for post 1n93ckb
2025-09-06 00:43:18,639 - INFO - Extracting comments for post 1n9400x (0 total)
2025-09-06 00:43:18,639 - INFO - Successfully extracted 0 comments for post 1n9400x
2025-09-06 00:43:19,249 - INFO - Extracting comments for post 1n95uci (0 total)
2025-09-06 00:43:19,255 - INFO - Successfully extracted 0 comments for post 1n95uci
2025-09-06 00:43:19,839 - INFO - Extracting comments for post 1n95cmp (2 total)
2025-09-06 00:43:19,839 - INFO - Successfully extracted 2 comments for post 1n95cmp
2025-09-06 00:43:20,506 - INFO - Extracting comments for post 1n93s48 (5 total)
2025-09-06 00:43:20,506 - INFO - Successfully extracted 5 comments for post 1n93s48
2025-09-06 00:43:21,193 - INFO - Extracting comments for post 1n92oz7 (18 total)
2025-09-06 00:43:21,193 - INFO - Successfully extracted 18 comments for post 1n92oz7
2025-09-06 00:43:21,816 - INFO - Extracting comments for post 1n92kz6 (0 total)
2025-09-06 00:43:21,817 - INFO - Successfully extracted 0 comments for post 1n92kz6
2025-09-06 00:43:22,527 - INFO - Extracting comments for post 1n92jdq (4 total)
2025-09-06 00:43:22,533 - INFO - Successfully extracted 4 comments for post 1n92jdq
2025-09-06 00:43:23,249 - INFO - Extracting comments for post 1n90xlk (20 total)
2025-09-06 00:43:23,255 - INFO - Successfully extracted 20 comments for post 1n90xlk
2025-09-06 00:43:23,966 - INFO - Extracting comments for post 1n90cq1 (4 total)
2025-09-06 00:43:23,966 - INFO - Successfully extracted 4 comments for post 1n90cq1
2025-09-06 00:43:24,684 - INFO - Extracting comments for post 1n8yge7 (6 total)
2025-09-06 00:43:24,685 - INFO - Successfully extracted 6 comments for post 1n8yge7
2025-09-06 00:43:25,263 - INFO - Extracting comments for post 1n8y6k8 (1 total)
2025-09-06 00:43:25,265 - INFO - Successfully extracted 1 comments for post 1n8y6k8
2025-09-06 00:43:26,092 - INFO - Extracting comments for post 1n8y6hj (5 total)
2025-09-06 00:43:26,094 - INFO - Successfully extracted 5 comments for post 1n8y6hj
2025-09-06 00:43:26,735 - INFO - Extracting comments for post 1n8wmja (4 total)
2025-09-06 00:43:26,735 - INFO - Successfully extracted 4 comments for post 1n8wmja
2025-09-06 00:43:27,558 - INFO - Extracting comments for post 1n8ty1b (43 total)
2025-09-06 00:43:27,560 - INFO - Successfully extracted 43 comments for post 1n8ty1b
2025-09-06 00:43:28,265 - INFO - Extracting comments for post 1n8tfs0 (1 total)
2025-09-06 00:43:28,265 - INFO - Successfully extracted 1 comments for post 1n8tfs0
2025-09-06 00:43:28,912 - INFO - Extracting comments for post 1n8s9l7 (2 total)
2025-09-06 00:43:28,913 - INFO - Successfully extracted 2 comments for post 1n8s9l7
2025-09-06 00:43:29,596 - INFO - Extracting comments for post 1n8s41x (29 total)
2025-09-06 00:43:29,601 - INFO - Successfully extracted 27 comments for post 1n8s41x
2025-09-06 00:43:30,193 - INFO - Extracting comments for post 1n8mu2l (1 total)
2025-09-06 00:43:30,193 - INFO - Successfully extracted 1 comments for post 1n8mu2l
2025-09-06 00:43:30,776 - INFO - Extracting comments for post 1n8n5oc (1 total)
2025-09-06 00:43:30,776 - INFO - Successfully extracted 1 comments for post 1n8n5oc
2025-09-06 00:43:31,441 - INFO - Extracting comments for post 1n8r21i (4 total)
2025-09-06 00:43:31,441 - INFO - Successfully extracted 4 comments for post 1n8r21i
2025-09-06 00:43:32,122 - INFO - Extracting comments for post 1n8rd79 (1 total)
2025-09-06 00:43:32,122 - INFO - Successfully extracted 1 comments for post 1n8rd79
2025-09-06 00:43:32,768 - INFO - Extracting comments for post 1n8qga6 (1 total)
2025-09-06 00:43:32,768 - INFO - Successfully extracted 1 comments for post 1n8qga6
2025-09-06 00:43:33,387 - INFO - Extracting comments for post 1n8pldd (2 total)
2025-09-06 00:43:33,387 - INFO - Successfully extracted 2 comments for post 1n8pldd
2025-09-06 00:43:34,100 - INFO - Extracting comments for post 1n8oy95 (20 total)
2025-09-06 00:43:34,100 - INFO - Successfully extracted 20 comments for post 1n8oy95
2025-09-06 00:43:34,816 - INFO - Extracting comments for post 1n8ohii (10 total)
2025-09-06 00:43:34,816 - INFO - Successfully extracted 10 comments for post 1n8ohii
2025-09-06 00:43:35,531 - INFO - Extracting comments for post 1n8of2a (0 total)
2025-09-06 00:43:35,531 - INFO - Successfully extracted 0 comments for post 1n8of2a
2025-09-06 00:43:36,150 - INFO - Extracting comments for post 1n8o8k3 (1 total)
2025-09-06 00:43:36,150 - INFO - Successfully extracted 1 comments for post 1n8o8k3
2025-09-06 00:43:37,788 - INFO - Extracting comments for post 1n8nsbs (3 total)
2025-09-06 00:43:37,788 - INFO - Successfully extracted 3 comments for post 1n8nsbs
2025-09-06 00:43:38,496 - INFO - Extracting comments for post 1n8l3dp (0 total)
2025-09-06 00:43:38,497 - INFO - Successfully extracted 0 comments for post 1n8l3dp
2025-09-06 00:43:39,221 - INFO - Extracting comments for post 1n8inpa (6 total)
2025-09-06 00:43:39,222 - INFO - Successfully extracted 6 comments for post 1n8inpa
2025-09-06 00:43:39,838 - INFO - Extracting comments for post 1n8h0ur (3 total)
2025-09-06 00:43:39,839 - INFO - Successfully extracted 3 comments for post 1n8h0ur
2025-09-06 00:43:40,451 - INFO - Extracting comments for post 1n8lynh (1 total)
2025-09-06 00:43:40,451 - INFO - Successfully extracted 1 comments for post 1n8lynh
2025-09-06 00:43:41,037 - INFO - Extracting comments for post 1n8fh1g (2 total)
2025-09-06 00:43:41,038 - INFO - Successfully extracted 2 comments for post 1n8fh1g
2025-09-06 00:43:41,738 - INFO - Extracting comments for post 1n8f596 (35 total)
2025-09-06 00:43:41,739 - INFO - Successfully extracted 34 comments for post 1n8f596
2025-09-06 00:43:42,295 - INFO - Extracting comments for post 1n8dzre (0 total)
2025-09-06 00:43:42,295 - INFO - Successfully extracted 0 comments for post 1n8dzre
2025-09-06 00:43:42,961 - INFO - Extracting comments for post 1n8dunm (0 total)
2025-09-06 00:43:42,961 - INFO - Successfully extracted 0 comments for post 1n8dunm
2025-09-06 00:43:43,643 - INFO - Extracting comments for post 1n8lvv1 (0 total)
2025-09-06 00:43:43,643 - INFO - Successfully extracted 0 comments for post 1n8lvv1
2025-09-06 00:43:44,906 - INFO - Extracting comments for post 1n8l3ke (35 total)
2025-09-06 00:43:44,939 - INFO - Successfully extracted 35 comments for post 1n8l3ke
2025-09-06 00:43:45,063 - INFO - Saved 50 posts to posts_batch_0003.json
2025-09-06 00:43:45,676 - INFO - Extracting comments for post 1n8i3y0 (3 total)
2025-09-06 00:43:45,677 - INFO - Successfully extracted 3 comments for post 1n8i3y0
2025-09-06 00:43:46,294 - INFO - Extracting comments for post 1n8i0so (6 total)
2025-09-06 00:43:46,294 - INFO - Successfully extracted 6 comments for post 1n8i0so
2025-09-06 00:43:47,053 - INFO - Extracting comments for post 1n8hjq6 (6 total)
2025-09-06 00:43:47,053 - INFO - Successfully extracted 6 comments for post 1n8hjq6
2025-09-06 00:43:47,641 - INFO - Extracting comments for post 1n8hcj0 (1 total)
2025-09-06 00:43:47,642 - INFO - Successfully extracted 1 comments for post 1n8hcj0
2025-09-06 00:43:48,254 - INFO - Extracting comments for post 1n8gzqe (1 total)
2025-09-06 00:43:48,254 - INFO - Successfully extracted 1 comments for post 1n8gzqe
2025-09-06 00:43:48,871 - INFO - Extracting comments for post 1n8gb9u (7 total)
2025-09-06 00:43:48,876 - INFO - Successfully extracted 7 comments for post 1n8gb9u
2025-09-06 00:43:49,565 - INFO - Extracting comments for post 1n8gb9t (10 total)
2025-09-06 00:43:49,565 - INFO - Successfully extracted 10 comments for post 1n8gb9t
2025-09-06 00:43:50,231 - INFO - Extracting comments for post 1n8f7w2 (4 total)
2025-09-06 00:43:50,231 - INFO - Successfully extracted 4 comments for post 1n8f7w2
2025-09-06 00:43:50,898 - INFO - Extracting comments for post 1n8en8y (1 total)
2025-09-06 00:43:50,898 - INFO - Successfully extracted 1 comments for post 1n8en8y
2025-09-06 00:43:51,503 - INFO - Extracting comments for post 1n8e078 (1 total)
2025-09-06 00:43:51,503 - INFO - Successfully extracted 1 comments for post 1n8e078
2025-09-06 00:43:52,188 - INFO - Extracting comments for post 1n8clga (5 total)
2025-09-06 00:43:52,188 - INFO - Successfully extracted 5 comments for post 1n8clga
2025-09-06 00:43:52,793 - INFO - Extracting comments for post 1n8caux (0 total)
2025-09-06 00:43:52,793 - INFO - Successfully extracted 0 comments for post 1n8caux
2025-09-06 00:43:53,453 - INFO - Extracting comments for post 1n7rrom (0 total)
2025-09-06 00:43:53,453 - INFO - Successfully extracted 0 comments for post 1n7rrom
2025-09-06 00:43:54,175 - INFO - Extracting comments for post 1n8aj0d (17 total)
2025-09-06 00:43:54,175 - INFO - Successfully extracted 17 comments for post 1n8aj0d
2025-09-06 00:43:54,785 - INFO - Extracting comments for post 1n895ni (0 total)
2025-09-06 00:43:54,786 - INFO - Successfully extracted 0 comments for post 1n895ni
2025-09-06 00:43:55,366 - INFO - Extracting comments for post 1n88n0m (0 total)
2025-09-06 00:43:55,367 - INFO - Successfully extracted 0 comments for post 1n88n0m
2025-09-06 00:43:55,948 - INFO - Extracting comments for post 1n85rtp (0 total)
2025-09-06 00:43:55,951 - INFO - Successfully extracted 0 comments for post 1n85rtp
2025-09-06 00:43:56,535 - INFO - Extracting comments for post 1n841jp (0 total)
2025-09-06 00:43:56,535 - INFO - Successfully extracted 0 comments for post 1n841jp
2025-09-06 00:43:57,113 - INFO - Extracting comments for post 1n7z3o6 (0 total)
2025-09-06 00:43:57,115 - INFO - Successfully extracted 0 comments for post 1n7z3o6
2025-09-06 00:43:57,706 - INFO - Extracting comments for post 1n7xpgl (1 total)
2025-09-06 00:43:57,707 - INFO - Successfully extracted 1 comments for post 1n7xpgl
2025-09-06 00:43:58,370 - INFO - Extracting comments for post 1n7w3dh (7 total)
2025-09-06 00:43:58,374 - INFO - Successfully extracted 7 comments for post 1n7w3dh
2025-09-06 00:43:58,983 - INFO - Extracting comments for post 1n7vay7 (0 total)
2025-09-06 00:43:58,983 - INFO - Successfully extracted 0 comments for post 1n7vay7
2025-09-06 00:43:59,609 - INFO - Extracting comments for post 1n7ths3 (0 total)
2025-09-06 00:43:59,609 - INFO - Successfully extracted 0 comments for post 1n7ths3
2025-09-06 00:44:00,210 - INFO - Extracting comments for post 1n7t9gp (0 total)
2025-09-06 00:44:00,210 - INFO - Successfully extracted 0 comments for post 1n7t9gp
2025-09-06 00:44:00,829 - INFO - Extracting comments for post 1n7t74m (0 total)
2025-09-06 00:44:00,829 - INFO - Successfully extracted 0 comments for post 1n7t74m
2025-09-06 00:44:01,410 - INFO - Extracting comments for post 1n7rq17 (1 total)
2025-09-06 00:44:01,410 - INFO - Successfully extracted 1 comments for post 1n7rq17
2025-09-06 00:44:02,028 - INFO - Extracting comments for post 1n7pay9 (9 total)
2025-09-06 00:44:02,028 - INFO - Successfully extracted 9 comments for post 1n7pay9
2025-09-06 00:44:02,604 - INFO - Extracting comments for post 1n89hl9 (0 total)
2025-09-06 00:44:02,610 - INFO - Successfully extracted 0 comments for post 1n89hl9
2025-09-06 00:44:03,278 - INFO - Extracting comments for post 1n893bw (19 total)
2025-09-06 00:44:03,281 - INFO - Successfully extracted 19 comments for post 1n893bw
2025-09-06 00:44:03,985 - INFO - Extracting comments for post 1n87fvg (30 total)
2025-09-06 00:44:03,988 - INFO - Successfully extracted 31 comments for post 1n87fvg
2025-09-06 00:44:04,667 - INFO - Extracting comments for post 1n84utc (13 total)
2025-09-06 00:44:04,672 - INFO - Successfully extracted 13 comments for post 1n84utc
2025-09-06 00:44:05,818 - INFO - Extracting comments for post 1n84h8s (69 total)
2025-09-06 00:44:05,832 - INFO - Successfully extracted 70 comments for post 1n84h8s
2025-09-06 00:44:06,417 - INFO - Extracting comments for post 1n845vj (1 total)
2025-09-06 00:44:06,417 - INFO - Successfully extracted 1 comments for post 1n845vj
2025-09-06 00:44:07,205 - INFO - Extracting comments for post 1n8312k (21 total)
2025-09-06 00:44:07,207 - INFO - Successfully extracted 21 comments for post 1n8312k
2025-09-06 00:44:07,812 - INFO - Extracting comments for post 1n82o39 (2 total)
2025-09-06 00:44:07,812 - INFO - Successfully extracted 2 comments for post 1n82o39
2025-09-06 00:44:08,436 - INFO - Extracting comments for post 1n82fd0 (11 total)
2025-09-06 00:44:08,436 - INFO - Successfully extracted 11 comments for post 1n82fd0
2025-09-06 00:44:09,027 - INFO - Extracting comments for post 1n82byt (1 total)
2025-09-06 00:44:09,027 - INFO - Successfully extracted 1 comments for post 1n82byt
2025-09-06 00:44:09,632 - INFO - Extracting comments for post 1n821zk (0 total)
2025-09-06 00:44:09,632 - INFO - Successfully extracted 0 comments for post 1n821zk
2025-09-06 00:44:10,353 - INFO - Extracting comments for post 1n804wn (8 total)
2025-09-06 00:44:10,356 - INFO - Successfully extracted 8 comments for post 1n804wn
2025-09-06 00:44:11,068 - INFO - Extracting comments for post 1n7zd1o (15 total)
2025-09-06 00:44:11,074 - INFO - Successfully extracted 15 comments for post 1n7zd1o
2025-09-06 00:44:11,652 - INFO - Extracting comments for post 1n7z6qu (0 total)
2025-09-06 00:44:11,652 - INFO - Successfully extracted 0 comments for post 1n7z6qu
2025-09-06 00:44:12,263 - INFO - Extracting comments for post 1n7x8xd (5 total)
2025-09-06 00:44:12,263 - INFO - Successfully extracted 5 comments for post 1n7x8xd
2025-09-06 00:44:12,843 - INFO - Extracting comments for post 1n7ws2t (0 total)
2025-09-06 00:44:12,843 - INFO - Successfully extracted 0 comments for post 1n7ws2t
2025-09-06 00:44:13,627 - INFO - Extracting comments for post 1n7wpdc (15 total)
2025-09-06 00:44:13,629 - INFO - Successfully extracted 15 comments for post 1n7wpdc
2025-09-06 00:44:14,223 - INFO - Extracting comments for post 1n7v4dd (1 total)
2025-09-06 00:44:14,223 - INFO - Successfully extracted 1 comments for post 1n7v4dd
2025-09-06 00:44:14,866 - INFO - Extracting comments for post 1n7ugtu (10 total)
2025-09-06 00:44:14,872 - INFO - Successfully extracted 10 comments for post 1n7ugtu
2025-09-06 00:44:15,637 - INFO - Extracting comments for post 1n7txak (37 total)
2025-09-06 00:44:15,678 - INFO - Successfully extracted 37 comments for post 1n7txak
2025-09-06 00:44:16,311 - INFO - Extracting comments for post 1n7tvcq (11 total)
2025-09-06 00:44:16,311 - INFO - Successfully extracted 11 comments for post 1n7tvcq
2025-09-06 00:44:17,302 - INFO - Extracting comments for post 1n7ticw (42 total)
2025-09-06 00:44:17,309 - INFO - Successfully extracted 41 comments for post 1n7ticw
2025-09-06 00:44:17,629 - INFO - Saved 49 posts to posts_batch_0004.json
2025-09-06 00:44:17,629 - INFO - Scraping completed. Total posts processed: 199
2025-09-06 00:44:17,629 - INFO - Posts skipped (already processed): 1
2025-09-06 00:44:17,629 - INFO - Scraping phase completed successfully
2025-09-06 00:44:17,629 - INFO - Starting cleaning phase
2025-09-06 00:44:17,629 - INFO - Starting text cleaning process
2025-09-06 00:44:18,115 - INFO - Text cleaning completed. Total posts processed: 99
2025-09-06 00:44:18,116 - INFO - Output files saved in: data/clean
2025-09-06 00:44:18,117 - INFO - Cleaning phase completed successfully
2025-09-06 00:44:18,118 - INFO - Pipeline completed successfully in 0:01:12.087523
2025-09-06 00:45:20,388 - INFO - Starting full pipeline at 2025-09-06 00:45:20.388956
2025-09-06 00:45:20,391 - INFO - Pipeline components initialized successfully
2025-09-06 00:45:20,392 - INFO - Starting scraping phase
2025-09-06 00:45:20,392 - INFO - Starting to scrape r/EngineeringStudents
2025-09-06 00:45:20,393 - INFO - No limit set - will scrape ALL available posts using pagination
2025-09-06 00:45:20,406 - INFO - Scraping posts sorted by: new
2025-09-06 00:45:23,742 - INFO - Extracting comments for post 1n9dxlv (1 total)
2025-09-06 00:45:23,742 - INFO - Successfully extracted 1 comments for post 1n9dxlv
2025-09-06 00:45:24,297 - INFO - Extracting comments for post 1n9ak95 (2 total)
2025-09-06 00:45:24,299 - INFO - Successfully extracted 2 comments for post 1n9ak95
2025-09-06 00:45:24,847 - INFO - Extracting comments for post 1n98sn5 (0 total)
2025-09-06 00:45:24,848 - INFO - Successfully extracted 0 comments for post 1n98sn5
2025-09-06 00:45:25,434 - INFO - Extracting comments for post 1n97lxy (0 total)
2025-09-06 00:45:25,435 - INFO - Successfully extracted 0 comments for post 1n97lxy
2025-09-06 00:45:26,164 - INFO - Extracting comments for post 1n97htu (35 total)
2025-09-06 00:45:26,168 - INFO - Successfully extracted 35 comments for post 1n97htu
2025-09-06 00:45:26,844 - INFO - Extracting comments for post 1n8saeu (5 total)
2025-09-06 00:45:26,844 - INFO - Successfully extracted 5 comments for post 1n8saeu
2025-09-06 00:45:27,459 - INFO - Extracting comments for post 1n969d5 (4 total)
2025-09-06 00:45:27,460 - INFO - Successfully extracted 4 comments for post 1n969d5
2025-09-06 00:45:28,073 - INFO - Extracting comments for post 1n8u91n (3 total)
2025-09-06 00:45:28,075 - INFO - Successfully extracted 3 comments for post 1n8u91n
2025-09-06 00:45:28,683 - INFO - Extracting comments for post 1n8xf9d (0 total)
2025-09-06 00:45:28,683 - INFO - Successfully extracted 0 comments for post 1n8xf9d
2025-09-06 00:45:29,275 - INFO - Extracting comments for post 1n8xlkl (0 total)
2025-09-06 00:45:29,275 - INFO - Successfully extracted 0 comments for post 1n8xlkl
2025-09-06 00:45:29,827 - INFO - Extracting comments for post 1n91sw6 (0 total)
2025-09-06 00:45:29,828 - INFO - Successfully extracted 0 comments for post 1n91sw6
2025-09-06 00:45:30,429 - INFO - Extracting comments for post 1n93ckb (1 total)
2025-09-06 00:45:30,429 - INFO - Successfully extracted 1 comments for post 1n93ckb
2025-09-06 00:45:30,959 - INFO - Extracting comments for post 1n9400x (0 total)
2025-09-06 00:45:30,960 - INFO - Successfully extracted 0 comments for post 1n9400x
2025-09-06 00:45:31,542 - INFO - Extracting comments for post 1n95uci (0 total)
2025-09-06 00:45:31,543 - INFO - Successfully extracted 0 comments for post 1n95uci
2025-09-06 00:45:32,168 - INFO - Extracting comments for post 1n95cmp (2 total)
2025-09-06 00:45:32,168 - INFO - Successfully extracted 2 comments for post 1n95cmp
2025-09-06 00:45:32,740 - INFO - Extracting comments for post 1n93s48 (5 total)
2025-09-06 00:45:32,740 - INFO - Successfully extracted 5 comments for post 1n93s48
2025-09-06 00:45:33,356 - INFO - Extracting comments for post 1n92oz7 (18 total)
2025-09-06 00:45:33,361 - INFO - Successfully extracted 18 comments for post 1n92oz7
2025-09-06 00:45:33,897 - INFO - Extracting comments for post 1n92kz6 (0 total)
2025-09-06 00:45:33,897 - INFO - Successfully extracted 0 comments for post 1n92kz6
2025-09-06 00:45:34,529 - INFO - Extracting comments for post 1n92jdq (4 total)
2025-09-06 00:45:34,530 - INFO - Successfully extracted 4 comments for post 1n92jdq
2025-09-06 00:45:35,193 - INFO - Extracting comments for post 1n90xlk (20 total)
2025-09-06 00:45:35,198 - INFO - Successfully extracted 20 comments for post 1n90xlk
2025-09-06 00:45:35,856 - INFO - Extracting comments for post 1n90cq1 (4 total)
2025-09-06 00:45:35,857 - INFO - Successfully extracted 4 comments for post 1n90cq1
2025-09-06 00:45:36,460 - INFO - Extracting comments for post 1n8yge7 (6 total)
2025-09-06 00:45:36,461 - INFO - Successfully extracted 6 comments for post 1n8yge7
2025-09-06 00:45:36,996 - INFO - Extracting comments for post 1n8y6k8 (1 total)
2025-09-06 00:45:36,997 - INFO - Successfully extracted 1 comments for post 1n8y6k8
2025-09-06 00:45:37,558 - INFO - Extracting comments for post 1n8y6hj (5 total)
2025-09-06 00:45:37,559 - INFO - Successfully extracted 5 comments for post 1n8y6hj
2025-09-06 00:45:38,160 - INFO - Extracting comments for post 1n8wmja (4 total)
2025-09-06 00:45:38,161 - INFO - Successfully extracted 4 comments for post 1n8wmja
2025-09-06 00:45:38,203 - INFO - Saved 25 posts to posts_batch_0008.json
2025-09-06 00:45:38,905 - INFO - Extracting comments for post 1n8ty1b (43 total)
2025-09-06 00:45:38,912 - INFO - Successfully extracted 43 comments for post 1n8ty1b
2025-09-06 00:45:39,453 - INFO - Extracting comments for post 1n8tfs0 (1 total)
2025-09-06 00:45:39,457 - INFO - Successfully extracted 1 comments for post 1n8tfs0
2025-09-06 00:45:40,059 - INFO - Extracting comments for post 1n8s9l7 (2 total)
2025-09-06 00:45:40,061 - INFO - Successfully extracted 2 comments for post 1n8s9l7
2025-09-06 00:45:40,744 - INFO - Extracting comments for post 1n8s41x (29 total)
2025-09-06 00:45:40,749 - INFO - Successfully extracted 27 comments for post 1n8s41x
2025-09-06 00:45:41,293 - INFO - Extracting comments for post 1n8mu2l (1 total)
2025-09-06 00:45:41,293 - INFO - Successfully extracted 1 comments for post 1n8mu2l
2025-09-06 00:45:41,835 - INFO - Extracting comments for post 1n8n5oc (1 total)
2025-09-06 00:45:41,837 - INFO - Successfully extracted 1 comments for post 1n8n5oc
2025-09-06 00:45:42,392 - INFO - Extracting comments for post 1n8r21i (4 total)
2025-09-06 00:45:42,392 - INFO - Successfully extracted 4 comments for post 1n8r21i
2025-09-06 00:45:43,124 - INFO - Extracting comments for post 1n8rd79 (1 total)
2025-09-06 00:45:43,125 - INFO - Successfully extracted 1 comments for post 1n8rd79
2025-09-06 00:45:43,737 - INFO - Extracting comments for post 1n8qga6 (1 total)
2025-09-06 00:45:43,737 - INFO - Successfully extracted 1 comments for post 1n8qga6
2025-09-06 00:45:44,355 - INFO - Extracting comments for post 1n8pldd (2 total)
2025-09-06 00:45:44,356 - INFO - Successfully extracted 2 comments for post 1n8pldd
2025-09-06 00:45:45,070 - INFO - Extracting comments for post 1n8oy95 (20 total)
2025-09-06 00:45:45,074 - INFO - Successfully extracted 20 comments for post 1n8oy95
2025-09-06 00:45:45,786 - INFO - Extracting comments for post 1n8ohii (10 total)
2025-09-06 00:45:45,786 - INFO - Successfully extracted 10 comments for post 1n8ohii
2025-09-06 00:45:46,412 - INFO - Extracting comments for post 1n8of2a (0 total)
2025-09-06 00:45:46,412 - INFO - Successfully extracted 0 comments for post 1n8of2a
2025-09-06 00:45:46,949 - INFO - Extracting comments for post 1n8o8k3 (1 total)
2025-09-06 00:45:46,951 - INFO - Successfully extracted 1 comments for post 1n8o8k3
2025-09-06 00:45:47,537 - INFO - Extracting comments for post 1n8nsbs (3 total)
2025-09-06 00:45:47,539 - INFO - Successfully extracted 3 comments for post 1n8nsbs
2025-09-06 00:45:48,113 - INFO - Extracting comments for post 1n8l3dp (0 total)
2025-09-06 00:45:48,113 - INFO - Successfully extracted 0 comments for post 1n8l3dp
2025-09-06 00:45:48,758 - INFO - Extracting comments for post 1n8inpa (6 total)
2025-09-06 00:45:48,758 - INFO - Successfully extracted 6 comments for post 1n8inpa
2025-09-06 00:45:49,371 - INFO - Extracting comments for post 1n8h0ur (3 total)
2025-09-06 00:45:49,371 - INFO - Successfully extracted 3 comments for post 1n8h0ur
2025-09-06 00:45:49,987 - INFO - Extracting comments for post 1n8lynh (1 total)
2025-09-06 00:45:49,987 - INFO - Successfully extracted 1 comments for post 1n8lynh
2025-09-06 00:45:50,598 - INFO - Extracting comments for post 1n8fh1g (2 total)
2025-09-06 00:45:50,602 - INFO - Successfully extracted 2 comments for post 1n8fh1g
2025-09-06 00:45:51,328 - INFO - Extracting comments for post 1n8f596 (35 total)
2025-09-06 00:45:51,333 - INFO - Successfully extracted 34 comments for post 1n8f596
2025-09-06 00:45:51,931 - INFO - Extracting comments for post 1n8dzre (0 total)
2025-09-06 00:45:51,931 - INFO - Successfully extracted 0 comments for post 1n8dzre
2025-09-06 00:45:52,502 - INFO - Extracting comments for post 1n8dunm (0 total)
2025-09-06 00:45:52,504 - INFO - Successfully extracted 0 comments for post 1n8dunm
2025-09-06 00:45:53,130 - INFO - Extracting comments for post 1n8lvv1 (0 total)
2025-09-06 00:45:53,130 - INFO - Successfully extracted 0 comments for post 1n8lvv1
2025-09-06 00:45:53,688 - INFO - Extracting comments for post 1n8i3y0 (3 total)
2025-09-06 00:45:53,688 - INFO - Successfully extracted 3 comments for post 1n8i3y0
2025-09-06 00:45:53,706 - INFO - Saved 25 posts to posts_batch_0009.json
2025-09-06 00:45:54,278 - INFO - Extracting comments for post 1n8i0so (6 total)
2025-09-06 00:45:54,281 - INFO - Successfully extracted 6 comments for post 1n8i0so
2025-09-06 00:45:54,839 - INFO - Extracting comments for post 1n8hjq6 (6 total)
2025-09-06 00:45:54,839 - INFO - Successfully extracted 6 comments for post 1n8hjq6
2025-09-06 00:45:55,392 - INFO - Extracting comments for post 1n8hcj0 (1 total)
2025-09-06 00:45:55,394 - INFO - Successfully extracted 1 comments for post 1n8hcj0
2025-09-06 00:45:55,997 - INFO - Extracting comments for post 1n8gzqe (1 total)
2025-09-06 00:45:55,997 - INFO - Successfully extracted 1 comments for post 1n8gzqe
2025-09-06 00:45:56,639 - INFO - Extracting comments for post 1n8gb9u (7 total)
2025-09-06 00:45:56,642 - INFO - Successfully extracted 7 comments for post 1n8gb9u
2025-09-06 00:45:57,365 - INFO - Extracting comments for post 1n8gb9t (10 total)
2025-09-06 00:45:57,367 - INFO - Successfully extracted 10 comments for post 1n8gb9t
2025-09-06 00:45:57,972 - INFO - Extracting comments for post 1n8f7w2 (4 total)
2025-09-06 00:45:57,975 - INFO - Successfully extracted 4 comments for post 1n8f7w2
2025-09-06 00:45:58,538 - INFO - Extracting comments for post 1n8en8y (1 total)
2025-09-06 00:45:58,538 - INFO - Successfully extracted 1 comments for post 1n8en8y
2025-09-06 00:45:59,098 - INFO - Extracting comments for post 1n8e078 (1 total)
2025-09-06 00:45:59,098 - INFO - Successfully extracted 1 comments for post 1n8e078
2025-09-06 00:45:59,667 - INFO - Extracting comments for post 1n8clga (5 total)
2025-09-06 00:45:59,667 - INFO - Successfully extracted 5 comments for post 1n8clga
2025-09-06 00:46:00,242 - INFO - Extracting comments for post 1n8caux (0 total)
2025-09-06 00:46:00,243 - INFO - Successfully extracted 0 comments for post 1n8caux
2025-09-06 00:46:00,840 - INFO - Extracting comments for post 1n7rrom (0 total)
2025-09-06 00:46:00,842 - INFO - Successfully extracted 0 comments for post 1n7rrom
2025-09-06 00:46:01,483 - INFO - Extracting comments for post 1n8aj0d (17 total)
2025-09-06 00:46:01,484 - INFO - Successfully extracted 17 comments for post 1n8aj0d
2025-09-06 00:46:02,068 - INFO - Extracting comments for post 1n895ni (0 total)
2025-09-06 00:46:02,069 - INFO - Successfully extracted 0 comments for post 1n895ni
2025-09-06 00:46:02,642 - INFO - Extracting comments for post 1n88n0m (0 total)
2025-09-06 00:46:02,644 - INFO - Successfully extracted 0 comments for post 1n88n0m
2025-09-06 00:46:03,201 - INFO - Extracting comments for post 1n85rtp (0 total)
2025-09-06 00:46:03,203 - INFO - Successfully extracted 0 comments for post 1n85rtp
2025-09-06 00:46:03,740 - INFO - Extracting comments for post 1n841jp (0 total)
2025-09-06 00:46:03,740 - INFO - Successfully extracted 0 comments for post 1n841jp
2025-09-06 00:46:04,274 - INFO - Extracting comments for post 1n7z3o6 (0 total)
2025-09-06 00:46:04,274 - INFO - Successfully extracted 0 comments for post 1n7z3o6
2025-09-06 00:46:04,829 - INFO - Extracting comments for post 1n7xpgl (1 total)
2025-09-06 00:46:04,830 - INFO - Successfully extracted 1 comments for post 1n7xpgl
2025-09-06 00:46:05,430 - INFO - Extracting comments for post 1n7w3dh (7 total)
2025-09-06 00:46:05,431 - INFO - Successfully extracted 7 comments for post 1n7w3dh
2025-09-06 00:46:06,060 - INFO - Extracting comments for post 1n7vay7 (0 total)
2025-09-06 00:46:06,061 - INFO - Successfully extracted 0 comments for post 1n7vay7
2025-09-06 00:46:06,677 - INFO - Extracting comments for post 1n7ths3 (0 total)
2025-09-06 00:46:06,679 - INFO - Successfully extracted 0 comments for post 1n7ths3
2025-09-06 00:46:07,214 - INFO - Extracting comments for post 1n7t9gp (0 total)
2025-09-06 00:46:07,216 - INFO - Successfully extracted 0 comments for post 1n7t9gp
2025-09-06 00:46:07,744 - INFO - Extracting comments for post 1n7t74m (0 total)
2025-09-06 00:46:07,753 - INFO - Successfully extracted 0 comments for post 1n7t74m
2025-09-06 00:46:08,314 - INFO - Extracting comments for post 1n7rq17 (1 total)
2025-09-06 00:46:08,316 - INFO - Successfully extracted 1 comments for post 1n7rq17
2025-09-06 00:46:08,325 - INFO - Saved 25 posts to posts_batch_0010.json
2025-09-06 00:46:08,904 - INFO - Extracting comments for post 1n7pay9 (9 total)
2025-09-06 00:46:08,905 - INFO - Successfully extracted 9 comments for post 1n7pay9
2025-09-06 00:46:09,455 - INFO - Extracting comments for post 1n89hl9 (0 total)
2025-09-06 00:46:09,456 - INFO - Successfully extracted 0 comments for post 1n89hl9
2025-09-06 00:46:10,094 - INFO - Extracting comments for post 1n893bw (19 total)
2025-09-06 00:46:10,094 - INFO - Successfully extracted 19 comments for post 1n893bw
2025-09-06 00:46:10,749 - INFO - Extracting comments for post 1n87fvg (30 total)
2025-09-06 00:46:10,751 - INFO - Successfully extracted 31 comments for post 1n87fvg
2025-09-06 00:46:11,377 - INFO - Extracting comments for post 1n84utc (13 total)
2025-09-06 00:46:11,379 - INFO - Successfully extracted 13 comments for post 1n84utc
2025-09-06 00:46:12,538 - INFO - Extracting comments for post 1n84h8s (69 total)
2025-09-06 00:46:12,547 - INFO - Successfully extracted 70 comments for post 1n84h8s
2025-09-06 00:46:13,089 - INFO - Extracting comments for post 1n845vj (1 total)
2025-09-06 00:46:13,089 - INFO - Successfully extracted 1 comments for post 1n845vj
2025-09-06 00:46:13,780 - INFO - Extracting comments for post 1n8312k (21 total)
2025-09-06 00:46:13,783 - INFO - Successfully extracted 21 comments for post 1n8312k
2025-09-06 00:46:14,341 - INFO - Extracting comments for post 1n82o39 (2 total)
2025-09-06 00:46:14,342 - INFO - Successfully extracted 2 comments for post 1n82o39
2025-09-06 00:46:15,042 - INFO - Extracting comments for post 1n82fd0 (11 total)
2025-09-06 00:46:15,046 - INFO - Successfully extracted 11 comments for post 1n82fd0
2025-09-06 00:46:15,587 - INFO - Extracting comments for post 1n82byt (1 total)
2025-09-06 00:46:15,588 - INFO - Successfully extracted 1 comments for post 1n82byt
2025-09-06 00:46:16,118 - INFO - Extracting comments for post 1n821zk (0 total)
2025-09-06 00:46:16,118 - INFO - Successfully extracted 0 comments for post 1n821zk
2025-09-06 00:46:16,691 - INFO - Extracting comments for post 1n804wn (8 total)
2025-09-06 00:46:16,697 - INFO - Successfully extracted 8 comments for post 1n804wn
2025-09-06 00:46:17,315 - INFO - Extracting comments for post 1n7zd1o (15 total)
2025-09-06 00:46:17,316 - INFO - Successfully extracted 15 comments for post 1n7zd1o
2025-09-06 00:46:17,849 - INFO - Extracting comments for post 1n7z6qu (0 total)
2025-09-06 00:46:17,859 - INFO - Successfully extracted 0 comments for post 1n7z6qu
2025-09-06 00:46:18,448 - INFO - Extracting comments for post 1n7x8xd (5 total)
2025-09-06 00:46:18,451 - INFO - Successfully extracted 5 comments for post 1n7x8xd
2025-09-06 00:46:19,038 - INFO - Extracting comments for post 1n7ws2t (0 total)
2025-09-06 00:46:19,039 - INFO - Successfully extracted 0 comments for post 1n7ws2t
2025-09-06 00:46:19,662 - INFO - Extracting comments for post 1n7wpdc (15 total)
2025-09-06 00:46:19,664 - INFO - Successfully extracted 15 comments for post 1n7wpdc
2025-09-06 00:46:20,299 - INFO - Extracting comments for post 1n7v4dd (1 total)
2025-09-06 00:46:20,300 - INFO - Successfully extracted 1 comments for post 1n7v4dd
2025-09-06 00:46:20,895 - INFO - Extracting comments for post 1n7ugtu (10 total)
2025-09-06 00:46:20,897 - INFO - Successfully extracted 10 comments for post 1n7ugtu
2025-09-06 00:46:21,616 - INFO - Extracting comments for post 1n7txak (37 total)
2025-09-06 00:46:21,658 - INFO - Successfully extracted 37 comments for post 1n7txak
2025-09-06 00:46:22,244 - INFO - Extracting comments for post 1n7tvcq (11 total)
2025-09-06 00:46:22,247 - INFO - Successfully extracted 11 comments for post 1n7tvcq
2025-09-06 00:46:23,180 - INFO - Extracting comments for post 1n7ticw (42 total)
2025-09-06 00:46:23,183 - INFO - Successfully extracted 41 comments for post 1n7ticw
2025-09-06 00:46:23,918 - INFO - Extracting comments for post 1n7tcmk (40 total)
2025-09-06 00:46:23,929 - INFO - Successfully extracted 40 comments for post 1n7tcmk
2025-09-06 00:46:24,141 - INFO - Scraping posts sorted by: new
2025-09-06 00:46:26,523 - INFO - Extracting comments for post 1n9dxlv (1 total)
2025-09-06 00:46:26,523 - INFO - Successfully extracted 1 comments for post 1n9dxlv
2025-09-06 00:46:26,772 - INFO - Saved 25 posts to posts_batch_0011.json
2025-09-06 00:46:27,348 - INFO - Extracting comments for post 1n9ak95 (2 total)
2025-09-06 00:46:27,360 - INFO - Successfully extracted 2 comments for post 1n9ak95
2025-09-06 00:46:27,987 - INFO - Extracting comments for post 1n98sn5 (0 total)
2025-09-06 00:46:27,990 - INFO - Successfully extracted 0 comments for post 1n98sn5
2025-09-06 00:46:28,594 - INFO - Extracting comments for post 1n97lxy (0 total)
2025-09-06 00:46:28,598 - INFO - Successfully extracted 0 comments for post 1n97lxy
2025-09-06 00:46:29,420 - INFO - Extracting comments for post 1n97htu (36 total)
2025-09-06 00:46:29,424 - INFO - Successfully extracted 36 comments for post 1n97htu
2025-09-06 00:46:30,027 - INFO - Extracting comments for post 1n8saeu (5 total)
2025-09-06 00:46:30,028 - INFO - Successfully extracted 5 comments for post 1n8saeu
2025-09-06 00:46:30,743 - INFO - Extracting comments for post 1n969d5 (4 total)
2025-09-06 00:46:30,749 - INFO - Successfully extracted 4 comments for post 1n969d5
2025-09-06 00:46:31,323 - INFO - Extracting comments for post 1n8u91n (3 total)
2025-09-06 00:46:31,324 - INFO - Successfully extracted 3 comments for post 1n8u91n
2025-09-06 00:46:31,867 - INFO - Extracting comments for post 1n8xf9d (0 total)
2025-09-06 00:46:31,867 - INFO - Successfully extracted 0 comments for post 1n8xf9d
2025-09-06 00:46:32,408 - INFO - Extracting comments for post 1n8xlkl (0 total)
2025-09-06 00:46:32,410 - INFO - Successfully extracted 0 comments for post 1n8xlkl
2025-09-06 00:46:32,941 - INFO - Extracting comments for post 1n91sw6 (0 total)
2025-09-06 00:46:32,944 - INFO - Successfully extracted 0 comments for post 1n91sw6
2025-09-06 00:46:33,518 - INFO - Extracting comments for post 1n93ckb (1 total)
2025-09-06 00:46:33,519 - INFO - Successfully extracted 1 comments for post 1n93ckb
2025-09-06 00:46:34,057 - INFO - Extracting comments for post 1n9400x (0 total)
2025-09-06 00:46:34,061 - INFO - Successfully extracted 0 comments for post 1n9400x
2025-09-06 00:46:34,660 - INFO - Extracting comments for post 1n95uci (0 total)
2025-09-06 00:46:34,661 - INFO - Successfully extracted 0 comments for post 1n95uci
2025-09-06 00:46:35,210 - INFO - Extracting comments for post 1n95cmp (2 total)
2025-09-06 00:46:35,211 - INFO - Successfully extracted 2 comments for post 1n95cmp
2025-09-06 00:46:35,866 - INFO - Extracting comments for post 1n93s48 (5 total)
2025-09-06 00:46:35,868 - INFO - Successfully extracted 5 comments for post 1n93s48
2025-09-06 00:46:36,591 - INFO - Extracting comments for post 1n92oz7 (18 total)
2025-09-06 00:46:36,632 - INFO - Successfully extracted 18 comments for post 1n92oz7
2025-09-06 00:46:37,397 - INFO - Extracting comments for post 1n92kz6 (0 total)
2025-09-06 00:46:37,397 - INFO - Successfully extracted 0 comments for post 1n92kz6
2025-09-06 00:46:38,012 - INFO - Extracting comments for post 1n92jdq (4 total)
2025-09-06 00:46:38,014 - INFO - Successfully extracted 4 comments for post 1n92jdq
2025-09-06 00:46:38,731 - INFO - Extracting comments for post 1n90xlk (20 total)
2025-09-06 00:46:38,735 - INFO - Successfully extracted 20 comments for post 1n90xlk
2025-09-06 00:46:39,346 - INFO - Extracting comments for post 1n90cq1 (4 total)
2025-09-06 00:46:39,350 - INFO - Successfully extracted 4 comments for post 1n90cq1
2025-09-06 00:46:40,063 - INFO - Extracting comments for post 1n8yge7 (6 total)
2025-09-06 00:46:40,067 - INFO - Successfully extracted 6 comments for post 1n8yge7
2025-09-06 00:46:40,676 - INFO - Extracting comments for post 1n8y6k8 (1 total)
2025-09-06 00:46:40,681 - INFO - Successfully extracted 1 comments for post 1n8y6k8
2025-09-06 00:46:41,290 - INFO - Extracting comments for post 1n8y6hj (5 total)
2025-09-06 00:46:41,292 - INFO - Successfully extracted 5 comments for post 1n8y6hj
2025-09-06 00:46:42,007 - INFO - Extracting comments for post 1n8wmja (4 total)
2025-09-06 00:46:42,007 - INFO - Successfully extracted 4 comments for post 1n8wmja
2025-09-06 00:46:42,731 - INFO - Extracting comments for post 1n8ty1b (43 total)
2025-09-06 00:46:42,742 - INFO - Successfully extracted 43 comments for post 1n8ty1b
2025-09-06 00:46:42,798 - INFO - Saved 25 posts to posts_batch_0012.json
2025-09-06 00:46:43,355 - INFO - Extracting comments for post 1n8tfs0 (1 total)
2025-09-06 00:46:43,356 - INFO - Successfully extracted 1 comments for post 1n8tfs0
2025-09-06 00:46:43,912 - INFO - Extracting comments for post 1n8s9l7 (2 total)
2025-09-06 00:46:43,914 - INFO - Successfully extracted 2 comments for post 1n8s9l7
2025-09-06 00:46:44,651 - INFO - Extracting comments for post 1n8s41x (29 total)
2025-09-06 00:46:44,668 - INFO - Successfully extracted 27 comments for post 1n8s41x
2025-09-06 00:46:45,284 - INFO - Extracting comments for post 1n8mu2l (1 total)
2025-09-06 00:46:45,289 - INFO - Successfully extracted 1 comments for post 1n8mu2l
2025-09-06 00:46:45,897 - INFO - Extracting comments for post 1n8n5oc (1 total)
2025-09-06 00:46:45,901 - INFO - Successfully extracted 1 comments for post 1n8n5oc
2025-09-06 00:46:46,615 - INFO - Extracting comments for post 1n8r21i (4 total)
2025-09-06 00:46:46,618 - INFO - Successfully extracted 4 comments for post 1n8r21i
2025-09-06 00:46:47,267 - INFO - Extracting comments for post 1n8rd79 (1 total)
2025-09-06 00:46:47,268 - INFO - Successfully extracted 1 comments for post 1n8rd79
2025-09-06 00:46:47,841 - INFO - Extracting comments for post 1n8qga6 (1 total)
2025-09-06 00:46:47,844 - INFO - Successfully extracted 1 comments for post 1n8qga6
2025-09-06 00:46:48,458 - INFO - Extracting comments for post 1n8pldd (2 total)
2025-09-06 00:46:48,459 - INFO - Successfully extracted 2 comments for post 1n8pldd
2025-09-06 00:46:49,189 - INFO - Extracting comments for post 1n8oy95 (20 total)
2025-09-06 00:46:49,193 - INFO - Successfully extracted 20 comments for post 1n8oy95
2025-09-06 00:46:49,797 - INFO - Extracting comments for post 1n8ohii (10 total)
2025-09-06 00:46:49,803 - INFO - Successfully extracted 10 comments for post 1n8ohii
2025-09-06 00:46:50,402 - INFO - Extracting comments for post 1n8of2a (0 total)
2025-09-06 00:46:50,404 - INFO - Successfully extracted 0 comments for post 1n8of2a
2025-09-06 00:46:51,433 - INFO - Extracting comments for post 1n8o8k3 (1 total)
2025-09-06 00:46:51,434 - INFO - Successfully extracted 1 comments for post 1n8o8k3
2025-09-06 00:46:52,044 - INFO - Extracting comments for post 1n8nsbs (3 total)
2025-09-06 00:46:52,045 - INFO - Successfully extracted 3 comments for post 1n8nsbs
2025-09-06 00:46:52,656 - INFO - Extracting comments for post 1n8l3dp (0 total)
2025-09-06 00:46:52,659 - INFO - Successfully extracted 0 comments for post 1n8l3dp
2025-09-06 00:46:53,242 - INFO - Extracting comments for post 1n8inpa (6 total)
2025-09-06 00:46:53,247 - INFO - Successfully extracted 6 comments for post 1n8inpa
2025-09-06 00:46:53,809 - INFO - Extracting comments for post 1n8h0ur (3 total)
2025-09-06 00:46:53,811 - INFO - Successfully extracted 3 comments for post 1n8h0ur
2025-09-06 00:46:54,357 - INFO - Extracting comments for post 1n8lynh (1 total)
2025-09-06 00:46:54,357 - INFO - Successfully extracted 1 comments for post 1n8lynh
2025-09-06 00:46:54,915 - INFO - Extracting comments for post 1n8fh1g (2 total)
2025-09-06 00:46:54,923 - INFO - Successfully extracted 2 comments for post 1n8fh1g
2025-09-06 00:46:55,672 - INFO - Extracting comments for post 1n8f596 (35 total)
2025-09-06 00:46:55,677 - INFO - Successfully extracted 34 comments for post 1n8f596
2025-09-06 00:46:56,209 - INFO - Extracting comments for post 1n8dzre (0 total)
2025-09-06 00:46:56,210 - INFO - Successfully extracted 0 comments for post 1n8dzre
2025-09-06 00:46:56,755 - INFO - Extracting comments for post 1n8dunm (0 total)
2025-09-06 00:46:56,756 - INFO - Successfully extracted 0 comments for post 1n8dunm
2025-09-06 00:46:57,690 - INFO - Extracting comments for post 1n8lvv1 (0 total)
2025-09-06 00:46:57,694 - INFO - Successfully extracted 0 comments for post 1n8lvv1
2025-09-06 00:46:58,253 - INFO - Extracting comments for post 1n8i3y0 (3 total)
2025-09-06 00:46:58,256 - INFO - Successfully extracted 3 comments for post 1n8i3y0
2025-09-06 00:46:58,855 - INFO - Extracting comments for post 1n8i0so (6 total)
2025-09-06 00:46:58,857 - INFO - Successfully extracted 6 comments for post 1n8i0so
2025-09-06 00:46:58,893 - INFO - Saved 25 posts to posts_batch_0013.json
2025-09-06 00:46:59,520 - INFO - Extracting comments for post 1n8hjq6 (6 total)
2025-09-06 00:46:59,525 - INFO - Successfully extracted 6 comments for post 1n8hjq6
2025-09-06 00:47:00,135 - INFO - Extracting comments for post 1n8hcj0 (1 total)
2025-09-06 00:47:00,141 - INFO - Successfully extracted 1 comments for post 1n8hcj0
2025-09-06 00:47:00,745 - INFO - Extracting comments for post 1n8gzqe (1 total)
2025-09-06 00:47:00,746 - INFO - Successfully extracted 1 comments for post 1n8gzqe
2025-09-06 00:47:01,363 - INFO - Extracting comments for post 1n8gb9u (7 total)
2025-09-06 00:47:01,367 - INFO - Successfully extracted 7 comments for post 1n8gb9u
2025-09-06 00:47:01,982 - INFO - Extracting comments for post 1n8gb9t (10 total)
2025-09-06 00:47:01,988 - INFO - Successfully extracted 10 comments for post 1n8gb9t
2025-09-06 00:47:02,605 - INFO - Extracting comments for post 1n8f7w2 (4 total)
2025-09-06 00:47:02,607 - INFO - Successfully extracted 4 comments for post 1n8f7w2
2025-09-06 00:47:03,204 - INFO - Extracting comments for post 1n8en8y (1 total)
2025-09-06 00:47:03,205 - INFO - Successfully extracted 1 comments for post 1n8en8y
2025-09-06 00:47:03,774 - INFO - Extracting comments for post 1n8e078 (1 total)
2025-09-06 00:47:03,775 - INFO - Successfully extracted 1 comments for post 1n8e078
2025-09-06 00:47:04,354 - INFO - Extracting comments for post 1n8clga (5 total)
2025-09-06 00:47:04,357 - INFO - Successfully extracted 5 comments for post 1n8clga
2025-09-06 00:47:04,931 - INFO - Extracting comments for post 1n8caux (0 total)
2025-09-06 00:47:04,934 - INFO - Successfully extracted 0 comments for post 1n8caux
2025-09-06 00:47:05,557 - INFO - Extracting comments for post 1n7rrom (0 total)
2025-09-06 00:47:05,560 - INFO - Successfully extracted 0 comments for post 1n7rrom
2025-09-06 00:47:06,281 - INFO - Extracting comments for post 1n8aj0d (17 total)
2025-09-06 00:47:06,283 - INFO - Successfully extracted 17 comments for post 1n8aj0d
2025-09-06 00:47:06,833 - INFO - Extracting comments for post 1n895ni (0 total)
2025-09-06 00:47:06,837 - INFO - Successfully extracted 0 comments for post 1n895ni
2025-09-06 00:47:07,373 - INFO - Extracting comments for post 1n88n0m (0 total)
2025-09-06 00:47:07,373 - INFO - Successfully extracted 0 comments for post 1n88n0m
2025-09-06 00:47:07,947 - INFO - Extracting comments for post 1n85rtp (0 total)
2025-09-06 00:47:07,947 - INFO - Successfully extracted 0 comments for post 1n85rtp
2025-09-06 00:47:08,484 - INFO - Extracting comments for post 1n841jp (0 total)
2025-09-06 00:47:08,486 - INFO - Successfully extracted 0 comments for post 1n841jp
2025-09-06 00:47:09,014 - INFO - Extracting comments for post 1n7z3o6 (0 total)
2025-09-06 00:47:09,014 - INFO - Successfully extracted 0 comments for post 1n7z3o6
2025-09-06 00:47:09,559 - INFO - Extracting comments for post 1n7xpgl (1 total)
2025-09-06 00:47:09,559 - INFO - Successfully extracted 1 comments for post 1n7xpgl
2025-09-06 00:47:10,170 - INFO - Extracting comments for post 1n7w3dh (7 total)
2025-09-06 00:47:10,174 - INFO - Successfully extracted 7 comments for post 1n7w3dh
2025-09-06 00:47:10,780 - INFO - Extracting comments for post 1n7vay7 (0 total)
2025-09-06 00:47:10,781 - INFO - Successfully extracted 0 comments for post 1n7vay7
2025-09-06 00:47:11,393 - INFO - Extracting comments for post 1n7ths3 (0 total)
2025-09-06 00:47:11,394 - INFO - Successfully extracted 0 comments for post 1n7ths3
2025-09-06 00:47:12,010 - INFO - Extracting comments for post 1n7t9gp (0 total)
2025-09-06 00:47:12,010 - INFO - Successfully extracted 0 comments for post 1n7t9gp
2025-09-06 00:47:12,625 - INFO - Extracting comments for post 1n7t74m (0 total)
2025-09-06 00:47:12,626 - INFO - Successfully extracted 0 comments for post 1n7t74m
2025-09-06 00:47:13,240 - INFO - Extracting comments for post 1n7rq17 (1 total)
2025-09-06 00:47:13,241 - INFO - Successfully extracted 1 comments for post 1n7rq17
2025-09-06 00:47:13,858 - INFO - Extracting comments for post 1n7pay9 (9 total)
2025-09-06 00:47:13,861 - INFO - Successfully extracted 9 comments for post 1n7pay9
2025-09-06 00:47:13,898 - INFO - Saved 25 posts to posts_batch_0014.json
2025-09-06 00:47:14,474 - INFO - Extracting comments for post 1n89hl9 (0 total)
2025-09-06 00:47:14,485 - INFO - Successfully extracted 0 comments for post 1n89hl9
2025-09-06 00:47:15,187 - INFO - Extracting comments for post 1n893bw (19 total)
2025-09-06 00:47:15,194 - INFO - Successfully extracted 19 comments for post 1n893bw
2025-09-06 00:47:15,909 - INFO - Extracting comments for post 1n87fvg (30 total)
2025-09-06 00:47:15,913 - INFO - Successfully extracted 31 comments for post 1n87fvg
2025-09-06 00:47:16,613 - INFO - Extracting comments for post 1n84utc (13 total)
2025-09-06 00:47:16,630 - INFO - Successfully extracted 13 comments for post 1n84utc
2025-09-06 00:47:17,886 - INFO - Extracting comments for post 1n84h8s (69 total)
2025-09-06 00:47:17,912 - INFO - Successfully extracted 70 comments for post 1n84h8s
2025-09-06 00:47:18,461 - INFO - Extracting comments for post 1n845vj (1 total)
2025-09-06 00:47:18,464 - INFO - Successfully extracted 1 comments for post 1n845vj
2025-09-06 00:47:19,131 - INFO - Extracting comments for post 1n8312k (21 total)
2025-09-06 00:47:19,138 - INFO - Successfully extracted 21 comments for post 1n8312k
2025-09-06 00:47:19,698 - INFO - Extracting comments for post 1n82o39 (2 total)
2025-09-06 00:47:19,701 - INFO - Successfully extracted 2 comments for post 1n82o39
2025-09-06 00:47:20,332 - INFO - Extracting comments for post 1n82fd0 (11 total)
2025-09-06 00:47:20,367 - INFO - Successfully extracted 11 comments for post 1n82fd0
2025-09-06 00:47:21,001 - INFO - Extracting comments for post 1n82byt (1 total)
2025-09-06 00:47:21,002 - INFO - Successfully extracted 1 comments for post 1n82byt
2025-09-06 00:47:21,548 - INFO - Extracting comments for post 1n821zk (0 total)
2025-09-06 00:47:21,550 - INFO - Successfully extracted 0 comments for post 1n821zk
2025-09-06 00:47:22,181 - INFO - Extracting comments for post 1n804wn (8 total)
2025-09-06 00:47:22,185 - INFO - Successfully extracted 8 comments for post 1n804wn
2025-09-06 00:47:22,794 - INFO - Extracting comments for post 1n7zd1o (15 total)
2025-09-06 00:47:22,803 - INFO - Successfully extracted 15 comments for post 1n7zd1o
2025-09-06 00:47:23,354 - INFO - Extracting comments for post 1n7z6qu (0 total)
2025-09-06 00:47:23,357 - INFO - Successfully extracted 0 comments for post 1n7z6qu
2025-09-06 00:47:24,099 - INFO - Extracting comments for post 1n7x8xd (5 total)
2025-09-06 00:47:24,107 - INFO - Successfully extracted 5 comments for post 1n7x8xd
2025-09-06 00:47:24,711 - INFO - Extracting comments for post 1n7ws2t (0 total)
2025-09-06 00:47:24,711 - INFO - Successfully extracted 0 comments for post 1n7ws2t
2025-09-06 00:47:25,437 - INFO - Extracting comments for post 1n7wpdc (15 total)
2025-09-06 00:47:25,445 - INFO - Successfully extracted 15 comments for post 1n7wpdc
2025-09-06 00:47:26,037 - INFO - Extracting comments for post 1n7v4dd (1 total)
2025-09-06 00:47:26,040 - INFO - Successfully extracted 1 comments for post 1n7v4dd
2025-09-06 00:47:27,070 - INFO - Extracting comments for post 1n7ugtu (10 total)
2025-09-06 00:47:27,076 - INFO - Successfully extracted 10 comments for post 1n7ugtu
2025-09-06 00:47:27,830 - INFO - Extracting comments for post 1n7txak (37 total)
2025-09-06 00:47:27,905 - INFO - Successfully extracted 37 comments for post 1n7txak
2025-09-06 00:47:28,489 - INFO - Extracting comments for post 1n7tvcq (11 total)
2025-09-06 00:47:28,491 - INFO - Successfully extracted 11 comments for post 1n7tvcq
2025-09-06 00:47:29,429 - INFO - Extracting comments for post 1n7ticw (42 total)
2025-09-06 00:47:29,434 - INFO - Successfully extracted 41 comments for post 1n7ticw
2025-09-06 00:47:30,167 - INFO - Extracting comments for post 1n7tcmk (40 total)
2025-09-06 00:47:30,176 - INFO - Successfully extracted 40 comments for post 1n7tcmk
2025-09-06 00:47:30,381 - INFO - Scraping posts sorted by: new
2025-09-06 00:47:32,602 - INFO - Extracting comments for post 1n9dxlv (1 total)
2025-09-06 00:47:32,604 - INFO - Successfully extracted 1 comments for post 1n9dxlv
2025-09-06 00:47:33,160 - INFO - Extracting comments for post 1n9ak95 (2 total)
2025-09-06 00:47:33,163 - INFO - Successfully extracted 2 comments for post 1n9ak95
2025-09-06 00:47:33,438 - INFO - Saved 25 posts to posts_batch_0015.json
2025-09-06 00:47:34,026 - INFO - Extracting comments for post 1n98sn5 (0 total)
2025-09-06 00:47:34,027 - INFO - Successfully extracted 0 comments for post 1n98sn5
2025-09-06 00:47:34,631 - INFO - Extracting comments for post 1n97lxy (0 total)
2025-09-06 00:47:34,631 - INFO - Successfully extracted 0 comments for post 1n97lxy
2025-09-06 00:47:35,328 - INFO - Extracting comments for post 1n97htu (36 total)
2025-09-06 00:47:35,335 - INFO - Successfully extracted 36 comments for post 1n97htu
2025-09-06 00:47:35,972 - INFO - Extracting comments for post 1n8saeu (5 total)
2025-09-06 00:47:35,974 - INFO - Successfully extracted 5 comments for post 1n8saeu
2025-09-06 00:47:36,690 - INFO - Extracting comments for post 1n969d5 (4 total)
2025-09-06 00:47:36,692 - INFO - Successfully extracted 4 comments for post 1n969d5
2025-09-06 00:47:37,310 - INFO - Extracting comments for post 1n8u91n (3 total)
2025-09-06 00:47:37,311 - INFO - Successfully extracted 3 comments for post 1n8u91n
2025-09-06 00:47:37,862 - INFO - Extracting comments for post 1n8xf9d (0 total)
2025-09-06 00:47:37,862 - INFO - Successfully extracted 0 comments for post 1n8xf9d
2025-09-06 00:47:38,396 - INFO - Extracting comments for post 1n8xlkl (0 total)
2025-09-06 00:47:38,397 - INFO - Successfully extracted 0 comments for post 1n8xlkl
2025-09-06 00:47:39,208 - INFO - Extracting comments for post 1n91sw6 (0 total)
2025-09-06 00:47:39,210 - INFO - Successfully extracted 0 comments for post 1n91sw6
2025-09-06 00:47:39,864 - INFO - Extracting comments for post 1n93ckb (1 total)
2025-09-06 00:47:39,865 - INFO - Successfully extracted 1 comments for post 1n93ckb
2025-09-06 00:47:40,475 - INFO - Extracting comments for post 1n9400x (0 total)
2025-09-06 00:47:40,479 - INFO - Successfully extracted 0 comments for post 1n9400x
2025-09-06 00:47:41,093 - INFO - Extracting comments for post 1n95uci (0 total)
2025-09-06 00:47:41,135 - INFO - Successfully extracted 0 comments for post 1n95uci
2025-09-06 00:47:41,810 - INFO - Extracting comments for post 1n95cmp (2 total)
2025-09-06 00:47:41,811 - INFO - Successfully extracted 2 comments for post 1n95cmp
2025-09-06 00:47:42,429 - INFO - Extracting comments for post 1n93s48 (5 total)
2025-09-06 00:47:42,430 - INFO - Successfully extracted 5 comments for post 1n93s48
2025-09-06 00:47:43,144 - INFO - Extracting comments for post 1n92oz7 (18 total)
2025-09-06 00:47:43,146 - INFO - Successfully extracted 18 comments for post 1n92oz7
2025-09-06 00:47:43,705 - INFO - Extracting comments for post 1n92kz6 (0 total)
2025-09-06 00:47:43,706 - INFO - Successfully extracted 0 comments for post 1n92kz6
2025-09-06 00:47:44,275 - INFO - Extracting comments for post 1n92jdq (4 total)
2025-09-06 00:47:44,279 - INFO - Successfully extracted 4 comments for post 1n92jdq
2025-09-06 00:47:44,983 - INFO - Extracting comments for post 1n90xlk (20 total)
2025-09-06 00:47:44,987 - INFO - Successfully extracted 20 comments for post 1n90xlk
2025-09-06 00:47:45,606 - INFO - Extracting comments for post 1n90cq1 (4 total)
2025-09-06 00:47:45,607 - INFO - Successfully extracted 4 comments for post 1n90cq1
2025-09-06 00:47:46,319 - INFO - Extracting comments for post 1n8yge7 (6 total)
2025-09-06 00:47:46,323 - INFO - Successfully extracted 6 comments for post 1n8yge7
2025-09-06 00:47:46,932 - INFO - Extracting comments for post 1n8y6k8 (1 total)
2025-09-06 00:47:46,935 - INFO - Successfully extracted 1 comments for post 1n8y6k8
2025-09-06 00:47:47,541 - INFO - Extracting comments for post 1n8y6hj (5 total)
2025-09-06 00:47:47,545 - INFO - Successfully extracted 5 comments for post 1n8y6hj
2025-09-06 00:47:48,133 - INFO - Extracting comments for post 1n8wmja (4 total)
2025-09-06 00:47:48,135 - INFO - Successfully extracted 4 comments for post 1n8wmja
2025-09-06 00:47:48,899 - INFO - Extracting comments for post 1n8ty1b (43 total)
2025-09-06 00:47:48,913 - INFO - Successfully extracted 43 comments for post 1n8ty1b
2025-09-06 00:47:49,462 - INFO - Extracting comments for post 1n8tfs0 (1 total)
2025-09-06 00:47:49,466 - INFO - Successfully extracted 1 comments for post 1n8tfs0
2025-09-06 00:47:49,524 - INFO - Saved 25 posts to posts_batch_0016.json
2025-09-06 00:47:50,082 - INFO - Extracting comments for post 1n8s9l7 (2 total)
2025-09-06 00:47:50,084 - INFO - Successfully extracted 2 comments for post 1n8s9l7
2025-09-06 00:47:50,745 - INFO - Extracting comments for post 1n8s41x (29 total)
2025-09-06 00:47:50,752 - INFO - Successfully extracted 27 comments for post 1n8s41x
2025-09-06 00:47:51,314 - INFO - Extracting comments for post 1n8mu2l (1 total)
2025-09-06 00:47:51,317 - INFO - Successfully extracted 1 comments for post 1n8mu2l
2025-09-06 00:47:51,940 - INFO - Extracting comments for post 1n8n5oc (1 total)
2025-09-06 00:47:51,940 - INFO - Successfully extracted 1 comments for post 1n8n5oc
2025-09-06 00:47:52,561 - INFO - Extracting comments for post 1n8r21i (4 total)
2025-09-06 00:47:52,565 - INFO - Successfully extracted 4 comments for post 1n8r21i
2025-09-06 00:47:53,280 - INFO - Extracting comments for post 1n8rd79 (1 total)
2025-09-06 00:47:53,285 - INFO - Successfully extracted 1 comments for post 1n8rd79
2025-09-06 00:47:53,893 - INFO - Extracting comments for post 1n8qga6 (1 total)
2025-09-06 00:47:53,896 - INFO - Successfully extracted 1 comments for post 1n8qga6
2025-09-06 00:47:54,505 - INFO - Extracting comments for post 1n8pldd (2 total)
2025-09-06 00:47:54,505 - INFO - Successfully extracted 2 comments for post 1n8pldd
2025-09-06 00:47:55,183 - INFO - Extracting comments for post 1n8oy95 (20 total)
2025-09-06 00:47:55,189 - INFO - Successfully extracted 20 comments for post 1n8oy95
2025-09-06 00:47:55,836 - INFO - Extracting comments for post 1n8ohii (10 total)
2025-09-06 00:47:55,837 - INFO - Successfully extracted 10 comments for post 1n8ohii
2025-09-06 00:47:56,387 - INFO - Extracting comments for post 1n8of2a (0 total)
2025-09-06 00:47:56,390 - INFO - Successfully extracted 0 comments for post 1n8of2a
2025-09-06 00:47:56,938 - INFO - Extracting comments for post 1n8o8k3 (1 total)
2025-09-06 00:47:56,939 - INFO - Successfully extracted 1 comments for post 1n8o8k3
2025-09-06 00:47:57,539 - INFO - Extracting comments for post 1n8nsbs (3 total)
2025-09-06 00:47:57,543 - INFO - Successfully extracted 3 comments for post 1n8nsbs
2025-09-06 00:47:58,120 - INFO - Extracting comments for post 1n8l3dp (0 total)
2025-09-06 00:47:58,124 - INFO - Successfully extracted 0 comments for post 1n8l3dp
2025-09-06 00:47:58,745 - INFO - Extracting comments for post 1n8inpa (6 total)
2025-09-06 00:47:58,746 - INFO - Successfully extracted 6 comments for post 1n8inpa
2025-09-06 00:47:59,295 - INFO - Extracting comments for post 1n8h0ur (3 total)
2025-09-06 00:47:59,298 - INFO - Successfully extracted 3 comments for post 1n8h0ur
2025-09-06 00:47:59,867 - INFO - Extracting comments for post 1n8lynh (1 total)
2025-09-06 00:47:59,869 - INFO - Successfully extracted 1 comments for post 1n8lynh
2025-09-06 00:48:00,445 - INFO - Extracting comments for post 1n8fh1g (2 total)
2025-09-06 00:48:00,446 - INFO - Successfully extracted 2 comments for post 1n8fh1g
2025-09-06 00:48:01,272 - INFO - Extracting comments for post 1n8f596 (35 total)
2025-09-06 00:48:01,275 - INFO - Successfully extracted 34 comments for post 1n8f596
2025-09-06 00:48:01,818 - INFO - Extracting comments for post 1n8dzre (0 total)
2025-09-06 00:48:01,819 - INFO - Successfully extracted 0 comments for post 1n8dzre
2025-09-06 00:48:02,344 - INFO - Extracting comments for post 1n8dunm (0 total)
2025-09-06 00:48:02,345 - INFO - Successfully extracted 0 comments for post 1n8dunm
2025-09-06 00:48:03,006 - INFO - Extracting comments for post 1n8lvv1 (0 total)
2025-09-06 00:48:03,007 - INFO - Successfully extracted 0 comments for post 1n8lvv1
2025-09-06 00:48:03,584 - INFO - Extracting comments for post 1n8i3y0 (3 total)
2025-09-06 00:48:03,590 - INFO - Successfully extracted 3 comments for post 1n8i3y0
2025-09-06 00:48:04,236 - INFO - Extracting comments for post 1n8i0so (6 total)
2025-09-06 00:48:04,240 - INFO - Successfully extracted 6 comments for post 1n8i0so
2025-09-06 00:48:04,855 - INFO - Extracting comments for post 1n8hjq6 (6 total)
2025-09-06 00:48:04,859 - INFO - Successfully extracted 6 comments for post 1n8hjq6
2025-09-06 00:48:04,902 - INFO - Saved 25 posts to posts_batch_0017.json
2025-09-06 00:48:05,478 - INFO - Extracting comments for post 1n8hcj0 (1 total)
2025-09-06 00:48:05,483 - INFO - Successfully extracted 1 comments for post 1n8hcj0
2025-09-06 00:48:06,084 - INFO - Extracting comments for post 1n8gzqe (1 total)
2025-09-06 00:48:06,085 - INFO - Successfully extracted 1 comments for post 1n8gzqe
2025-09-06 00:48:06,651 - INFO - Extracting comments for post 1n8gb9u (7 total)
2025-09-06 00:48:06,653 - INFO - Successfully extracted 7 comments for post 1n8gb9u
2025-09-06 00:48:07,244 - INFO - Extracting comments for post 1n8gb9t (10 total)
2025-09-06 00:48:07,247 - INFO - Successfully extracted 10 comments for post 1n8gb9t
2025-09-06 00:48:07,830 - INFO - Extracting comments for post 1n8f7w2 (4 total)
2025-09-06 00:48:07,832 - INFO - Successfully extracted 4 comments for post 1n8f7w2
2025-09-06 00:48:08,375 - INFO - Extracting comments for post 1n8en8y (1 total)
2025-09-06 00:48:08,378 - INFO - Successfully extracted 1 comments for post 1n8en8y
2025-09-06 00:48:08,961 - INFO - Extracting comments for post 1n8e078 (1 total)
2025-09-06 00:48:08,962 - INFO - Successfully extracted 1 comments for post 1n8e078
2025-09-06 00:48:09,613 - INFO - Extracting comments for post 1n8clga (5 total)
2025-09-06 00:48:09,614 - INFO - Successfully extracted 5 comments for post 1n8clga
2025-09-06 00:48:10,272 - INFO - Extracting comments for post 1n8caux (0 total)
2025-09-06 00:48:10,273 - INFO - Successfully extracted 0 comments for post 1n8caux
2025-09-06 00:48:10,889 - INFO - Extracting comments for post 1n7rrom (0 total)
2025-09-06 00:48:10,891 - INFO - Successfully extracted 0 comments for post 1n7rrom
2025-09-06 00:48:11,566 - INFO - Extracting comments for post 1n8aj0d (17 total)
2025-09-06 00:48:11,569 - INFO - Successfully extracted 17 comments for post 1n8aj0d
2025-09-06 00:48:12,118 - INFO - Extracting comments for post 1n895ni (0 total)
2025-09-06 00:48:12,119 - INFO - Successfully extracted 0 comments for post 1n895ni
2025-09-06 00:48:12,649 - INFO - Extracting comments for post 1n88n0m (0 total)
2025-09-06 00:48:12,649 - INFO - Successfully extracted 0 comments for post 1n88n0m
2025-09-06 00:48:13,221 - INFO - Extracting comments for post 1n85rtp (0 total)
2025-09-06 00:48:13,222 - INFO - Successfully extracted 0 comments for post 1n85rtp
2025-09-06 00:48:13,753 - INFO - Extracting comments for post 1n841jp (0 total)
2025-09-06 00:48:13,756 - INFO - Successfully extracted 0 comments for post 1n841jp
2025-09-06 00:48:14,313 - INFO - Extracting comments for post 1n7z3o6 (0 total)
2025-09-06 00:48:14,314 - INFO - Successfully extracted 0 comments for post 1n7z3o6
2025-09-06 00:48:14,874 - INFO - Extracting comments for post 1n7xpgl (1 total)
2025-09-06 00:48:14,875 - INFO - Successfully extracted 1 comments for post 1n7xpgl
2025-09-06 00:48:15,459 - INFO - Extracting comments for post 1n7w3dh (7 total)
2025-09-06 00:48:15,465 - INFO - Successfully extracted 7 comments for post 1n7w3dh
2025-09-06 00:48:16,017 - INFO - Extracting comments for post 1n7vay7 (0 total)
2025-09-06 00:48:16,017 - INFO - Successfully extracted 0 comments for post 1n7vay7
2025-09-06 00:48:16,560 - INFO - Extracting comments for post 1n7ths3 (0 total)
2025-09-06 00:48:16,562 - INFO - Successfully extracted 0 comments for post 1n7ths3
2025-09-06 00:48:17,102 - INFO - Extracting comments for post 1n7t9gp (0 total)
2025-09-06 00:48:17,103 - INFO - Successfully extracted 0 comments for post 1n7t9gp
2025-09-06 00:48:17,650 - INFO - Extracting comments for post 1n7t74m (0 total)
2025-09-06 00:48:17,651 - INFO - Successfully extracted 0 comments for post 1n7t74m
2025-09-06 00:48:18,203 - INFO - Extracting comments for post 1n7rq17 (1 total)
2025-09-06 00:48:18,205 - INFO - Successfully extracted 1 comments for post 1n7rq17
2025-09-06 00:48:18,884 - INFO - Extracting comments for post 1n7pay9 (9 total)
2025-09-06 00:48:18,888 - INFO - Successfully extracted 9 comments for post 1n7pay9
2025-09-06 00:48:19,442 - INFO - Extracting comments for post 1n89hl9 (0 total)
2025-09-06 00:48:19,445 - INFO - Successfully extracted 0 comments for post 1n89hl9
2025-09-06 00:48:19,514 - INFO - Saved 25 posts to posts_batch_0018.json
2025-09-06 00:48:20,163 - INFO - Extracting comments for post 1n893bw (19 total)
2025-09-06 00:48:20,169 - INFO - Successfully extracted 19 comments for post 1n893bw
2025-09-06 00:48:20,949 - INFO - Extracting comments for post 1n87fvg (30 total)
2025-09-06 00:48:20,955 - INFO - Successfully extracted 31 comments for post 1n87fvg
2025-09-06 00:48:21,582 - INFO - Extracting comments for post 1n84utc (13 total)
2025-09-06 00:48:21,587 - INFO - Successfully extracted 13 comments for post 1n84utc
2025-09-06 00:48:22,625 - INFO - Extracting comments for post 1n84h8s (69 total)
2025-09-06 00:48:22,654 - INFO - Successfully extracted 70 comments for post 1n84h8s
2025-09-06 00:48:23,357 - INFO - Extracting comments for post 1n845vj (1 total)
2025-09-06 00:48:23,361 - INFO - Successfully extracted 1 comments for post 1n845vj
2025-09-06 00:48:24,037 - INFO - Extracting comments for post 1n8312k (21 total)
2025-09-06 00:48:24,042 - INFO - Successfully extracted 21 comments for post 1n8312k
2025-09-06 00:48:24,613 - INFO - Extracting comments for post 1n82o39 (2 total)
2025-09-06 00:48:24,614 - INFO - Successfully extracted 2 comments for post 1n82o39
2025-09-06 00:48:25,329 - INFO - Extracting comments for post 1n82fd0 (11 total)
2025-09-06 00:48:25,331 - INFO - Successfully extracted 11 comments for post 1n82fd0
2025-09-06 00:48:25,942 - INFO - Extracting comments for post 1n82byt (1 total)
2025-09-06 00:48:25,943 - INFO - Successfully extracted 1 comments for post 1n82byt
2025-09-06 00:48:26,488 - INFO - Extracting comments for post 1n821zk (0 total)
2025-09-06 00:48:26,490 - INFO - Successfully extracted 0 comments for post 1n821zk
2025-09-06 00:48:27,168 - INFO - Extracting comments for post 1n804wn (8 total)
2025-09-06 00:48:27,172 - INFO - Successfully extracted 8 comments for post 1n804wn
2025-09-06 00:48:27,803 - INFO - Extracting comments for post 1n7zd1o (15 total)
2025-09-06 00:48:27,804 - INFO - Successfully extracted 15 comments for post 1n7zd1o
2025-09-06 00:48:28,331 - INFO - Extracting comments for post 1n7z6qu (0 total)
2025-09-06 00:48:28,331 - INFO - Successfully extracted 0 comments for post 1n7z6qu
2025-09-06 00:48:28,872 - INFO - Extracting comments for post 1n7x8xd (5 total)
2025-09-06 00:48:28,873 - INFO - Successfully extracted 5 comments for post 1n7x8xd
2025-09-06 00:48:29,434 - INFO - Extracting comments for post 1n7ws2t (0 total)
2025-09-06 00:48:29,435 - INFO - Successfully extracted 0 comments for post 1n7ws2t
2025-09-06 00:48:30,032 - INFO - Extracting comments for post 1n7wpdc (15 total)
2025-09-06 00:48:30,035 - INFO - Successfully extracted 15 comments for post 1n7wpdc
2025-09-06 00:48:30,581 - INFO - Extracting comments for post 1n7v4dd (1 total)
2025-09-06 00:48:30,582 - INFO - Successfully extracted 1 comments for post 1n7v4dd
2025-09-06 00:48:31,160 - INFO - Extracting comments for post 1n7ugtu (10 total)
2025-09-06 00:48:31,160 - INFO - Successfully extracted 10 comments for post 1n7ugtu
2025-09-06 00:48:31,880 - INFO - Extracting comments for post 1n7txak (37 total)
2025-09-06 00:48:31,921 - INFO - Successfully extracted 37 comments for post 1n7txak
2025-09-06 00:48:32,494 - INFO - Extracting comments for post 1n7tvcq (11 total)
2025-09-06 00:48:32,495 - INFO - Successfully extracted 11 comments for post 1n7tvcq
2025-09-06 00:48:33,417 - INFO - Extracting comments for post 1n7ticw (42 total)
2025-09-06 00:48:33,422 - INFO - Successfully extracted 41 comments for post 1n7ticw
2025-09-06 00:48:34,131 - INFO - Extracting comments for post 1n7tcmk (40 total)
2025-09-06 00:48:34,135 - INFO - Successfully extracted 40 comments for post 1n7tcmk
2025-09-06 00:48:34,338 - INFO - Scraping posts sorted by: new
2025-09-06 00:48:36,590 - INFO - Extracting comments for post 1n9dxlv (1 total)
2025-09-06 00:48:36,590 - INFO - Successfully extracted 1 comments for post 1n9dxlv
2025-09-06 00:48:37,127 - INFO - Extracting comments for post 1n9ak95 (2 total)
2025-09-06 00:48:37,128 - INFO - Successfully extracted 2 comments for post 1n9ak95
2025-09-06 00:48:37,682 - INFO - Extracting comments for post 1n98sn5 (0 total)
2025-09-06 00:48:37,682 - INFO - Successfully extracted 0 comments for post 1n98sn5
2025-09-06 00:48:37,834 - INFO - Saved 25 posts to posts_batch_0019.json
2025-09-06 00:48:38,425 - INFO - Extracting comments for post 1n97lxy (0 total)
2025-09-06 00:48:38,425 - INFO - Successfully extracted 0 comments for post 1n97lxy
2025-09-06 00:48:39,160 - INFO - Extracting comments for post 1n97htu (36 total)
2025-09-06 00:48:39,163 - INFO - Successfully extracted 36 comments for post 1n97htu
2025-09-06 00:48:39,767 - INFO - Extracting comments for post 1n8saeu (5 total)
2025-09-06 00:48:39,768 - INFO - Successfully extracted 5 comments for post 1n8saeu
2025-09-06 00:48:40,438 - INFO - Extracting comments for post 1n969d5 (4 total)
2025-09-06 00:48:40,439 - INFO - Successfully extracted 4 comments for post 1n969d5
2025-09-06 00:48:40,981 - INFO - Extracting comments for post 1n8u91n (3 total)
2025-09-06 00:48:40,982 - INFO - Successfully extracted 3 comments for post 1n8u91n
2025-09-06 00:48:41,505 - INFO - Extracting comments for post 1n8xf9d (0 total)
2025-09-06 00:48:41,505 - INFO - Successfully extracted 0 comments for post 1n8xf9d
2025-09-06 00:48:42,034 - INFO - Extracting comments for post 1n8xlkl (0 total)
2025-09-06 00:48:42,034 - INFO - Successfully extracted 0 comments for post 1n8xlkl
2025-09-06 00:48:42,635 - INFO - Extracting comments for post 1n91sw6 (0 total)
2025-09-06 00:48:42,636 - INFO - Successfully extracted 0 comments for post 1n91sw6
2025-09-06 00:48:43,248 - INFO - Extracting comments for post 1n93ckb (1 total)
2025-09-06 00:48:43,249 - INFO - Successfully extracted 1 comments for post 1n93ckb
2025-09-06 00:48:43,863 - INFO - Extracting comments for post 1n9400x (0 total)
2025-09-06 00:48:43,864 - INFO - Successfully extracted 0 comments for post 1n9400x
2025-09-06 00:48:44,480 - INFO - Extracting comments for post 1n95uci (0 total)
2025-09-06 00:48:44,482 - INFO - Successfully extracted 0 comments for post 1n95uci
2025-09-06 00:48:45,012 - INFO - Extracting comments for post 1n95cmp (2 total)
2025-09-06 00:48:45,012 - INFO - Successfully extracted 2 comments for post 1n95cmp
2025-09-06 00:48:45,561 - INFO - Extracting comments for post 1n93s48 (5 total)
2025-09-06 00:48:45,562 - INFO - Successfully extracted 5 comments for post 1n93s48
2025-09-06 00:48:46,140 - INFO - Pipeline interrupted by user
2025-09-06 00:49:26,098 - INFO - Starting full pipeline at 2025-09-06 00:49:26.098002
2025-09-06 00:49:26,098 - INFO - Pipeline components initialized successfully
2025-09-06 00:49:26,098 - INFO - Starting scraping phase
2025-09-06 00:49:26,098 - INFO - Starting to scrape r/EngineeringStudents
2025-09-06 00:49:26,098 - INFO - No limit set - will scrape ALL available posts using pagination
2025-09-06 00:49:26,107 - INFO - Scraping posts sorted by: new
2025-09-06 00:49:29,225 - INFO - Extracting comments for post 1n9dxlv (1 total)
2025-09-06 00:49:29,226 - INFO - Successfully extracted 1 comments for post 1n9dxlv
2025-09-06 00:49:29,941 - INFO - Extracting comments for post 1n9ak95 (2 total)
2025-09-06 00:49:29,941 - INFO - Successfully extracted 2 comments for post 1n9ak95
2025-09-06 00:49:30,656 - INFO - Extracting comments for post 1n97lxy (0 total)
2025-09-06 00:49:30,660 - INFO - Successfully extracted 0 comments for post 1n97lxy
2025-09-06 00:49:33,020 - INFO - Extracting comments for post 1n97htu (36 total)
2025-09-06 00:49:33,022 - INFO - Successfully extracted 36 comments for post 1n97htu
2025-09-06 00:49:33,692 - INFO - Extracting comments for post 1n8saeu (5 total)
2025-09-06 00:49:33,692 - INFO - Successfully extracted 5 comments for post 1n8saeu
2025-09-06 00:49:34,346 - INFO - Extracting comments for post 1n969d5 (4 total)
2025-09-06 00:49:34,347 - INFO - Successfully extracted 4 comments for post 1n969d5
2025-09-06 00:49:34,950 - INFO - Extracting comments for post 1n8u91n (3 total)
2025-09-06 00:49:34,951 - INFO - Successfully extracted 3 comments for post 1n8u91n
2025-09-06 00:49:35,522 - INFO - Extracting comments for post 1n8xf9d (0 total)
2025-09-06 00:49:35,522 - INFO - Successfully extracted 0 comments for post 1n8xf9d
2025-09-06 00:49:36,085 - INFO - Extracting comments for post 1n8xlkl (0 total)
2025-09-06 00:49:36,086 - INFO - Successfully extracted 0 comments for post 1n8xlkl
2025-09-06 00:49:36,664 - INFO - Extracting comments for post 1n91sw6 (0 total)
2025-09-06 00:49:36,665 - INFO - Successfully extracted 0 comments for post 1n91sw6
2025-09-06 00:49:37,314 - INFO - Extracting comments for post 1n93ckb (1 total)
2025-09-06 00:49:37,315 - INFO - Successfully extracted 1 comments for post 1n93ckb
2025-09-06 00:49:37,928 - INFO - Extracting comments for post 1n9400x (0 total)
2025-09-06 00:49:37,929 - INFO - Successfully extracted 0 comments for post 1n9400x
2025-09-06 00:49:38,647 - INFO - Extracting comments for post 1n95uci (0 total)
2025-09-06 00:49:38,648 - INFO - Successfully extracted 0 comments for post 1n95uci
2025-09-06 00:49:39,257 - INFO - Extracting comments for post 1n95cmp (2 total)
2025-09-06 00:49:39,259 - INFO - Successfully extracted 2 comments for post 1n95cmp
2025-09-06 00:49:39,883 - INFO - Extracting comments for post 1n93s48 (5 total)
2025-09-06 00:49:39,884 - INFO - Successfully extracted 5 comments for post 1n93s48
2025-09-06 00:49:40,697 - INFO - Extracting comments for post 1n92oz7 (18 total)
2025-09-06 00:49:40,700 - INFO - Successfully extracted 18 comments for post 1n92oz7
2025-09-06 00:49:41,308 - INFO - Extracting comments for post 1n92kz6 (0 total)
2025-09-06 00:49:41,333 - INFO - Successfully extracted 0 comments for post 1n92kz6
2025-09-06 00:49:42,106 - INFO - Extracting comments for post 1n92jdq (4 total)
2025-09-06 00:49:42,107 - INFO - Successfully extracted 4 comments for post 1n92jdq
2025-09-06 00:49:42,846 - INFO - Extracting comments for post 1n90xlk (20 total)
2025-09-06 00:49:42,849 - INFO - Successfully extracted 20 comments for post 1n90xlk
2025-09-06 00:49:43,563 - INFO - Extracting comments for post 1n90cq1 (4 total)
2025-09-06 00:49:43,563 - INFO - Successfully extracted 4 comments for post 1n90cq1
2025-09-06 00:49:44,279 - INFO - Extracting comments for post 1n8yge7 (6 total)
2025-09-06 00:49:44,282 - INFO - Successfully extracted 6 comments for post 1n8yge7
2025-09-06 00:49:44,870 - INFO - Extracting comments for post 1n8y6k8 (1 total)
2025-09-06 00:49:44,871 - INFO - Successfully extracted 1 comments for post 1n8y6k8
2025-09-06 00:49:45,471 - INFO - Extracting comments for post 1n8y6hj (5 total)
2025-09-06 00:49:45,472 - INFO - Successfully extracted 5 comments for post 1n8y6hj
2025-09-06 00:49:46,091 - INFO - Extracting comments for post 1n8wmja (4 total)
2025-09-06 00:49:46,092 - INFO - Successfully extracted 4 comments for post 1n8wmja
2025-09-06 00:49:46,861 - INFO - Extracting comments for post 1n8ty1b (43 total)
2025-09-06 00:49:46,868 - INFO - Successfully extracted 43 comments for post 1n8ty1b
2025-09-06 00:49:47,654 - INFO - Extracting comments for post 1n8tfs0 (1 total)
2025-09-06 00:49:47,658 - INFO - Successfully extracted 1 comments for post 1n8tfs0
2025-09-06 00:49:48,374 - INFO - Extracting comments for post 1n8s9l7 (2 total)
2025-09-06 00:49:48,376 - INFO - Successfully extracted 2 comments for post 1n8s9l7
2025-09-06 00:49:49,101 - INFO - Extracting comments for post 1n8s41x (29 total)
2025-09-06 00:49:49,107 - INFO - Successfully extracted 27 comments for post 1n8s41x
2025-09-06 00:49:49,698 - INFO - Extracting comments for post 1n8mu2l (1 total)
2025-09-06 00:49:49,700 - INFO - Successfully extracted 1 comments for post 1n8mu2l
2025-09-06 00:49:50,279 - INFO - Extracting comments for post 1n8n5oc (1 total)
2025-09-06 00:49:50,281 - INFO - Successfully extracted 1 comments for post 1n8n5oc
2025-09-06 00:49:50,874 - INFO - Extracting comments for post 1n8r21i (4 total)
2025-09-06 00:49:50,877 - INFO - Successfully extracted 4 comments for post 1n8r21i
2025-09-06 00:49:51,549 - INFO - Extracting comments for post 1n8rd79 (1 total)
2025-09-06 00:49:51,551 - INFO - Successfully extracted 1 comments for post 1n8rd79
2025-09-06 00:49:52,162 - INFO - Extracting comments for post 1n8qga6 (1 total)
2025-09-06 00:49:52,164 - INFO - Successfully extracted 1 comments for post 1n8qga6
2025-09-06 00:49:52,776 - INFO - Extracting comments for post 1n8pldd (2 total)
2025-09-06 00:49:52,778 - INFO - Successfully extracted 2 comments for post 1n8pldd
2025-09-06 00:49:53,500 - INFO - Extracting comments for post 1n8oy95 (20 total)
2025-09-06 00:49:53,504 - INFO - Successfully extracted 20 comments for post 1n8oy95
2025-09-06 00:49:54,213 - INFO - Extracting comments for post 1n8ohii (10 total)
2025-09-06 00:49:54,214 - INFO - Successfully extracted 10 comments for post 1n8ohii
2025-09-06 00:49:54,824 - INFO - Extracting comments for post 1n8of2a (0 total)
2025-09-06 00:49:54,826 - INFO - Successfully extracted 0 comments for post 1n8of2a
2025-09-06 00:49:55,415 - INFO - Extracting comments for post 1n8o8k3 (1 total)
2025-09-06 00:49:55,417 - INFO - Successfully extracted 1 comments for post 1n8o8k3
2025-09-06 00:49:56,040 - INFO - Extracting comments for post 1n8nsbs (3 total)
2025-09-06 00:49:56,041 - INFO - Successfully extracted 3 comments for post 1n8nsbs
2025-09-06 00:49:56,665 - INFO - Extracting comments for post 1n8l3dp (0 total)
2025-09-06 00:49:56,667 - INFO - Successfully extracted 0 comments for post 1n8l3dp
2025-09-06 00:49:57,385 - INFO - Extracting comments for post 1n8inpa (6 total)
2025-09-06 00:49:57,386 - INFO - Successfully extracted 6 comments for post 1n8inpa
2025-09-06 00:49:58,074 - INFO - Extracting comments for post 1n8h0ur (3 total)
2025-09-06 00:49:58,076 - INFO - Successfully extracted 3 comments for post 1n8h0ur
2025-09-06 00:49:58,715 - INFO - Extracting comments for post 1n8lynh (1 total)
2025-09-06 00:49:58,718 - INFO - Successfully extracted 1 comments for post 1n8lynh
2025-09-06 00:49:59,329 - INFO - Extracting comments for post 1n8fh1g (2 total)
2025-09-06 00:49:59,330 - INFO - Successfully extracted 2 comments for post 1n8fh1g
2025-09-06 00:50:00,027 - INFO - Extracting comments for post 1n8f596 (35 total)
2025-09-06 00:50:00,030 - INFO - Successfully extracted 34 comments for post 1n8f596
2025-09-06 00:50:00,598 - INFO - Extracting comments for post 1n8dzre (0 total)
2025-09-06 00:50:00,599 - INFO - Successfully extracted 0 comments for post 1n8dzre
2025-09-06 00:50:01,226 - INFO - Extracting comments for post 1n8dunm (0 total)
2025-09-06 00:50:01,228 - INFO - Successfully extracted 0 comments for post 1n8dunm
2025-09-06 00:50:01,995 - INFO - Extracting comments for post 1n8lvv1 (0 total)
2025-09-06 00:50:01,996 - INFO - Successfully extracted 0 comments for post 1n8lvv1
2025-09-06 00:50:03,444 - INFO - Extracting comments for post 1n8l3ke (35 total)
2025-09-06 00:50:03,584 - INFO - Successfully extracted 35 comments for post 1n8l3ke
2025-09-06 00:50:04,179 - INFO - Extracting comments for post 1n8i3y0 (3 total)
2025-09-06 00:50:04,182 - INFO - Successfully extracted 3 comments for post 1n8i3y0
2025-09-06 00:50:04,426 - INFO - Saved 50 posts to posts_batch_0010.json
2025-09-06 00:50:05,057 - INFO - Extracting comments for post 1n8i0so (6 total)
2025-09-06 00:50:05,059 - INFO - Successfully extracted 6 comments for post 1n8i0so
2025-09-06 00:50:05,678 - INFO - Extracting comments for post 1n8hjq6 (6 total)
2025-09-06 00:50:05,680 - INFO - Successfully extracted 6 comments for post 1n8hjq6
2025-09-06 00:50:06,294 - INFO - Extracting comments for post 1n8hcj0 (1 total)
2025-09-06 00:50:06,296 - INFO - Successfully extracted 1 comments for post 1n8hcj0
2025-09-06 00:50:06,969 - INFO - Extracting comments for post 1n8gzqe (1 total)
2025-09-06 00:50:06,969 - INFO - Successfully extracted 1 comments for post 1n8gzqe
2025-09-06 00:50:07,728 - INFO - Extracting comments for post 1n8gb9u (7 total)
2025-09-06 00:50:07,731 - INFO - Successfully extracted 7 comments for post 1n8gb9u
2025-09-06 00:50:08,558 - INFO - Extracting comments for post 1n8gb9t (10 total)
2025-09-06 00:50:08,561 - INFO - Successfully extracted 10 comments for post 1n8gb9t
2025-09-06 00:50:09,262 - INFO - Extracting comments for post 1n8f7w2 (4 total)
2025-09-06 00:50:09,263 - INFO - Successfully extracted 4 comments for post 1n8f7w2
2025-09-06 00:50:09,849 - INFO - Extracting comments for post 1n8en8y (1 total)
2025-09-06 00:50:09,850 - INFO - Successfully extracted 1 comments for post 1n8en8y
2025-09-06 00:50:10,454 - INFO - Extracting comments for post 1n8e078 (1 total)
2025-09-06 00:50:10,455 - INFO - Successfully extracted 1 comments for post 1n8e078
2025-09-06 00:50:11,032 - INFO - Extracting comments for post 1n8clga (5 total)
2025-09-06 00:50:11,035 - INFO - Successfully extracted 5 comments for post 1n8clga
2025-09-06 00:50:11,719 - INFO - Extracting comments for post 1n8caux (0 total)
2025-09-06 00:50:11,720 - INFO - Successfully extracted 0 comments for post 1n8caux
2025-09-06 00:50:12,334 - INFO - Extracting comments for post 1n7rrom (0 total)
2025-09-06 00:50:12,334 - INFO - Successfully extracted 0 comments for post 1n7rrom
2025-09-06 00:50:13,055 - INFO - Extracting comments for post 1n8aj0d (17 total)
2025-09-06 00:50:13,058 - INFO - Successfully extracted 17 comments for post 1n8aj0d
2025-09-06 00:50:13,630 - INFO - Extracting comments for post 1n895ni (0 total)
2025-09-06 00:50:13,630 - INFO - Successfully extracted 0 comments for post 1n895ni
2025-09-06 00:50:14,191 - INFO - Extracting comments for post 1n88n0m (0 total)
2025-09-06 00:50:14,193 - INFO - Successfully extracted 0 comments for post 1n88n0m
2025-09-06 00:50:14,780 - INFO - Extracting comments for post 1n85rtp (0 total)
2025-09-06 00:50:14,781 - INFO - Successfully extracted 0 comments for post 1n85rtp
2025-09-06 00:50:15,349 - INFO - Extracting comments for post 1n841jp (0 total)
2025-09-06 00:50:15,350 - INFO - Successfully extracted 0 comments for post 1n841jp
2025-09-06 00:50:15,916 - INFO - Extracting comments for post 1n7z3o6 (0 total)
2025-09-06 00:50:15,916 - INFO - Successfully extracted 0 comments for post 1n7z3o6
2025-09-06 00:50:16,497 - INFO - Extracting comments for post 1n7xpgl (1 total)
2025-09-06 00:50:16,500 - INFO - Successfully extracted 1 comments for post 1n7xpgl
2025-09-06 00:50:17,112 - INFO - Extracting comments for post 1n7w3dh (7 total)
2025-09-06 00:50:17,115 - INFO - Successfully extracted 7 comments for post 1n7w3dh
2025-09-06 00:50:17,762 - INFO - Extracting comments for post 1n7vay7 (0 total)
2025-09-06 00:50:17,764 - INFO - Successfully extracted 0 comments for post 1n7vay7
2025-09-06 00:50:18,376 - INFO - Extracting comments for post 1n7ths3 (0 total)
2025-09-06 00:50:18,379 - INFO - Successfully extracted 0 comments for post 1n7ths3
2025-09-06 00:50:18,990 - INFO - Extracting comments for post 1n7t9gp (0 total)
2025-09-06 00:50:18,993 - INFO - Successfully extracted 0 comments for post 1n7t9gp
2025-09-06 00:50:19,602 - INFO - Extracting comments for post 1n7t74m (0 total)
2025-09-06 00:50:19,603 - INFO - Successfully extracted 0 comments for post 1n7t74m
2025-09-06 00:50:20,219 - INFO - Extracting comments for post 1n7rq17 (1 total)
2025-09-06 00:50:20,221 - INFO - Successfully extracted 1 comments for post 1n7rq17
2025-09-06 00:50:20,890 - INFO - Extracting comments for post 1n7pay9 (9 total)
2025-09-06 00:50:20,893 - INFO - Successfully extracted 9 comments for post 1n7pay9
2025-09-06 00:50:21,552 - INFO - Extracting comments for post 1n89hl9 (0 total)
2025-09-06 00:50:21,554 - INFO - Successfully extracted 0 comments for post 1n89hl9
2025-09-06 00:50:22,183 - INFO - Extracting comments for post 1n893bw (19 total)
2025-09-06 00:50:22,188 - INFO - Successfully extracted 19 comments for post 1n893bw
2025-09-06 00:50:22,942 - INFO - Extracting comments for post 1n87fvg (30 total)
2025-09-06 00:50:22,949 - INFO - Successfully extracted 31 comments for post 1n87fvg
2025-09-06 00:50:23,618 - INFO - Extracting comments for post 1n84utc (13 total)
2025-09-06 00:50:23,625 - INFO - Successfully extracted 13 comments for post 1n84utc
2025-09-06 00:50:24,526 - INFO - Extracting comments for post 1n84h8s (69 total)
2025-09-06 00:50:24,574 - INFO - Successfully extracted 70 comments for post 1n84h8s
2025-09-06 00:50:25,233 - INFO - Extracting comments for post 1n845vj (1 total)
2025-09-06 00:50:25,234 - INFO - Successfully extracted 1 comments for post 1n845vj
2025-09-06 00:50:25,958 - INFO - Extracting comments for post 1n8312k (21 total)
2025-09-06 00:50:25,962 - INFO - Successfully extracted 21 comments for post 1n8312k
2025-09-06 00:50:26,559 - INFO - Extracting comments for post 1n82o39 (2 total)
2025-09-06 00:50:26,562 - INFO - Successfully extracted 2 comments for post 1n82o39
2025-09-06 00:50:27,263 - INFO - Extracting comments for post 1n82fd0 (11 total)
2025-09-06 00:50:27,268 - INFO - Successfully extracted 11 comments for post 1n82fd0
2025-09-06 00:50:27,851 - INFO - Extracting comments for post 1n82byt (1 total)
2025-09-06 00:50:27,854 - INFO - Successfully extracted 1 comments for post 1n82byt
2025-09-06 00:50:28,426 - INFO - Extracting comments for post 1n821zk (0 total)
2025-09-06 00:50:28,427 - INFO - Successfully extracted 0 comments for post 1n821zk
2025-09-06 00:50:29,050 - INFO - Extracting comments for post 1n804wn (8 total)
2025-09-06 00:50:29,054 - INFO - Successfully extracted 8 comments for post 1n804wn
2025-09-06 00:50:29,697 - INFO - Extracting comments for post 1n7zd1o (15 total)
2025-09-06 00:50:29,701 - INFO - Successfully extracted 15 comments for post 1n7zd1o
2025-09-06 00:50:30,287 - INFO - Extracting comments for post 1n7z6qu (0 total)
2025-09-06 00:50:30,289 - INFO - Successfully extracted 0 comments for post 1n7z6qu
2025-09-06 00:50:30,902 - INFO - Extracting comments for post 1n7x8xd (5 total)
2025-09-06 00:50:30,904 - INFO - Successfully extracted 5 comments for post 1n7x8xd
2025-09-06 00:50:31,500 - INFO - Extracting comments for post 1n7ws2t (0 total)
2025-09-06 00:50:31,501 - INFO - Successfully extracted 0 comments for post 1n7ws2t
2025-09-06 00:50:32,308 - INFO - Extracting comments for post 1n7wpdc (15 total)
2025-09-06 00:50:32,314 - INFO - Successfully extracted 15 comments for post 1n7wpdc
2025-09-06 00:50:32,968 - INFO - Extracting comments for post 1n7v4dd (1 total)
2025-09-06 00:50:32,970 - INFO - Successfully extracted 1 comments for post 1n7v4dd
2025-09-06 00:50:33,652 - INFO - Extracting comments for post 1n7ugtu (10 total)
2025-09-06 00:50:33,655 - INFO - Successfully extracted 10 comments for post 1n7ugtu
2025-09-06 00:50:34,758 - INFO - Extracting comments for post 1n7txak (37 total)
2025-09-06 00:50:34,871 - INFO - Successfully extracted 37 comments for post 1n7txak
2025-09-06 00:50:35,505 - INFO - Extracting comments for post 1n7tvcq (11 total)
2025-09-06 00:50:35,508 - INFO - Successfully extracted 11 comments for post 1n7tvcq
2025-09-06 00:50:36,541 - INFO - Extracting comments for post 1n7ticw (42 total)
2025-09-06 00:50:36,544 - INFO - Successfully extracted 41 comments for post 1n7ticw
2025-09-06 00:50:37,293 - INFO - Extracting comments for post 1n7tcmk (40 total)
2025-09-06 00:50:37,298 - INFO - Successfully extracted 40 comments for post 1n7tcmk
2025-09-06 00:50:37,500 - INFO - Scraping posts sorted by: new
2025-09-06 00:50:40,040 - INFO - Extracting comments for post 1n9dxlv (1 total)
2025-09-06 00:50:40,040 - INFO - Successfully extracted 1 comments for post 1n9dxlv
2025-09-06 00:50:40,283 - INFO - Saved 50 posts to posts_batch_0011.json
2025-09-06 00:50:40,928 - INFO - Extracting comments for post 1n9ak95 (2 total)
2025-09-06 00:50:40,929 - INFO - Successfully extracted 2 comments for post 1n9ak95
2025-09-06 00:50:41,651 - INFO - Extracting comments for post 1n97lxy (0 total)
2025-09-06 00:50:41,652 - INFO - Successfully extracted 0 comments for post 1n97lxy
2025-09-06 00:50:42,445 - INFO - Extracting comments for post 1n97htu (37 total)
2025-09-06 00:50:42,449 - INFO - Successfully extracted 37 comments for post 1n97htu
2025-09-06 00:50:43,261 - INFO - Extracting comments for post 1n8saeu (5 total)
2025-09-06 00:50:43,264 - INFO - Successfully extracted 5 comments for post 1n8saeu
2025-09-06 00:50:43,878 - INFO - Extracting comments for post 1n969d5 (4 total)
2025-09-06 00:50:43,879 - INFO - Successfully extracted 4 comments for post 1n969d5
2025-09-06 00:50:44,458 - INFO - Extracting comments for post 1n8u91n (3 total)
2025-09-06 00:50:44,460 - INFO - Successfully extracted 3 comments for post 1n8u91n
2025-09-06 00:50:45,017 - INFO - Extracting comments for post 1n8xf9d (0 total)
2025-09-06 00:50:45,018 - INFO - Successfully extracted 0 comments for post 1n8xf9d
2025-09-06 00:50:45,599 - INFO - Extracting comments for post 1n8xlkl (0 total)
2025-09-06 00:50:45,600 - INFO - Successfully extracted 0 comments for post 1n8xlkl
2025-09-06 00:50:46,639 - INFO - Extracting comments for post 1n91sw6 (0 total)
2025-09-06 00:50:46,641 - INFO - Successfully extracted 0 comments for post 1n91sw6
2025-09-06 00:50:47,356 - INFO - Extracting comments for post 1n93ckb (1 total)
2025-09-06 00:50:47,357 - INFO - Successfully extracted 1 comments for post 1n93ckb
2025-09-06 00:50:47,936 - INFO - Extracting comments for post 1n9400x (0 total)
2025-09-06 00:50:47,937 - INFO - Successfully extracted 0 comments for post 1n9400x
2025-09-06 00:50:48,586 - INFO - Extracting comments for post 1n95uci (0 total)
2025-09-06 00:50:48,587 - INFO - Successfully extracted 0 comments for post 1n95uci
2025-09-06 00:50:49,201 - INFO - Extracting comments for post 1n95cmp (2 total)
2025-09-06 00:50:49,204 - INFO - Successfully extracted 2 comments for post 1n95cmp
2025-09-06 00:50:49,995 - INFO - Extracting comments for post 1n93s48 (5 total)
2025-09-06 00:50:49,998 - INFO - Successfully extracted 5 comments for post 1n93s48
2025-09-06 00:50:50,669 - INFO - Extracting comments for post 1n92oz7 (18 total)
2025-09-06 00:50:50,672 - INFO - Successfully extracted 18 comments for post 1n92oz7
2025-09-06 00:50:51,268 - INFO - Extracting comments for post 1n92kz6 (0 total)
2025-09-06 00:50:51,270 - INFO - Successfully extracted 0 comments for post 1n92kz6
2025-09-06 00:50:51,941 - INFO - Extracting comments for post 1n92jdq (4 total)
2025-09-06 00:50:51,944 - INFO - Successfully extracted 4 comments for post 1n92jdq
2025-09-06 00:50:52,656 - INFO - Extracting comments for post 1n90xlk (20 total)
2025-09-06 00:50:52,662 - INFO - Successfully extracted 20 comments for post 1n90xlk
2025-09-06 00:50:53,273 - INFO - Extracting comments for post 1n90cq1 (4 total)
2025-09-06 00:50:53,274 - INFO - Successfully extracted 4 comments for post 1n90cq1
2025-09-06 00:50:54,015 - INFO - Extracting comments for post 1n8yge7 (6 total)
2025-09-06 00:50:54,020 - INFO - Successfully extracted 6 comments for post 1n8yge7
2025-09-06 00:50:54,676 - INFO - Extracting comments for post 1n8y6k8 (1 total)
2025-09-06 00:50:54,679 - INFO - Successfully extracted 1 comments for post 1n8y6k8
2025-09-06 00:50:55,344 - INFO - Extracting comments for post 1n8y6hj (5 total)
2025-09-06 00:50:55,346 - INFO - Successfully extracted 5 comments for post 1n8y6hj
2025-09-06 00:50:56,060 - INFO - Extracting comments for post 1n8wmja (4 total)
2025-09-06 00:50:56,064 - INFO - Successfully extracted 4 comments for post 1n8wmja
2025-09-06 00:50:56,890 - INFO - Extracting comments for post 1n8ty1b (43 total)
2025-09-06 00:50:56,902 - INFO - Successfully extracted 43 comments for post 1n8ty1b
2025-09-06 00:50:57,595 - INFO - Extracting comments for post 1n8tfs0 (1 total)
2025-09-06 00:50:57,596 - INFO - Successfully extracted 1 comments for post 1n8tfs0
2025-09-06 00:50:58,206 - INFO - Extracting comments for post 1n8s9l7 (2 total)
2025-09-06 00:50:58,207 - INFO - Successfully extracted 2 comments for post 1n8s9l7
2025-09-06 00:50:58,963 - INFO - Extracting comments for post 1n8s41x (29 total)
2025-09-06 00:50:58,974 - INFO - Successfully extracted 27 comments for post 1n8s41x
2025-09-06 00:50:59,574 - INFO - Extracting comments for post 1n8mu2l (1 total)
2025-09-06 00:50:59,577 - INFO - Successfully extracted 1 comments for post 1n8mu2l
2025-09-06 00:51:00,248 - INFO - Extracting comments for post 1n8n5oc (1 total)
2025-09-06 00:51:00,248 - INFO - Successfully extracted 1 comments for post 1n8n5oc
2025-09-06 00:51:00,874 - INFO - Extracting comments for post 1n8r21i (4 total)
2025-09-06 00:51:00,877 - INFO - Successfully extracted 4 comments for post 1n8r21i
2025-09-06 00:51:01,540 - INFO - Extracting comments for post 1n8rd79 (1 total)
2025-09-06 00:51:01,542 - INFO - Successfully extracted 1 comments for post 1n8rd79
2025-09-06 00:51:02,203 - INFO - Extracting comments for post 1n8qga6 (1 total)
2025-09-06 00:51:02,204 - INFO - Successfully extracted 1 comments for post 1n8qga6
2025-09-06 00:51:02,818 - INFO - Extracting comments for post 1n8pldd (2 total)
2025-09-06 00:51:02,821 - INFO - Successfully extracted 2 comments for post 1n8pldd
2025-09-06 00:51:03,524 - INFO - Extracting comments for post 1n8oy95 (20 total)
2025-09-06 00:51:03,527 - INFO - Successfully extracted 20 comments for post 1n8oy95
2025-09-06 00:51:04,255 - INFO - Extracting comments for post 1n8ohii (10 total)
2025-09-06 00:51:04,259 - INFO - Successfully extracted 10 comments for post 1n8ohii
2025-09-06 00:51:04,864 - INFO - Extracting comments for post 1n8of2a (0 total)
2025-09-06 00:51:04,865 - INFO - Successfully extracted 0 comments for post 1n8of2a
2025-09-06 00:51:05,481 - INFO - Extracting comments for post 1n8o8k3 (1 total)
2025-09-06 00:51:05,482 - INFO - Successfully extracted 1 comments for post 1n8o8k3
2025-09-06 00:51:06,300 - INFO - Extracting comments for post 1n8nsbs (3 total)
2025-09-06 00:51:06,301 - INFO - Successfully extracted 3 comments for post 1n8nsbs
2025-09-06 00:51:07,016 - INFO - Extracting comments for post 1n8l3dp (0 total)
2025-09-06 00:51:07,016 - INFO - Successfully extracted 0 comments for post 1n8l3dp
2025-09-06 00:51:07,731 - INFO - Extracting comments for post 1n8inpa (6 total)
2025-09-06 00:51:07,731 - INFO - Successfully extracted 6 comments for post 1n8inpa
2025-09-06 00:51:08,347 - INFO - Extracting comments for post 1n8h0ur (3 total)
2025-09-06 00:51:08,347 - INFO - Successfully extracted 3 comments for post 1n8h0ur
2025-09-06 00:51:08,963 - INFO - Extracting comments for post 1n8lynh (1 total)
2025-09-06 00:51:08,965 - INFO - Successfully extracted 1 comments for post 1n8lynh
2025-09-06 00:51:09,676 - INFO - Extracting comments for post 1n8fh1g (2 total)
2025-09-06 00:51:09,678 - INFO - Successfully extracted 2 comments for post 1n8fh1g
2025-09-06 00:51:10,433 - INFO - Extracting comments for post 1n8f596 (35 total)
2025-09-06 00:51:10,437 - INFO - Successfully extracted 34 comments for post 1n8f596
2025-09-06 00:51:11,029 - INFO - Extracting comments for post 1n8dzre (0 total)
2025-09-06 00:51:11,031 - INFO - Successfully extracted 0 comments for post 1n8dzre
2025-09-06 00:51:11,612 - INFO - Extracting comments for post 1n8dunm (0 total)
2025-09-06 00:51:11,613 - INFO - Successfully extracted 0 comments for post 1n8dunm
2025-09-06 00:51:12,339 - INFO - Extracting comments for post 1n8lvv1 (0 total)
2025-09-06 00:51:12,339 - INFO - Successfully extracted 0 comments for post 1n8lvv1
2025-09-06 00:51:13,980 - INFO - Extracting comments for post 1n8l3ke (35 total)
2025-09-06 00:51:14,154 - INFO - Successfully extracted 35 comments for post 1n8l3ke
2025-09-06 00:51:14,809 - INFO - Extracting comments for post 1n8i3y0 (3 total)
2025-09-06 00:51:14,813 - INFO - Successfully extracted 3 comments for post 1n8i3y0
2025-09-06 00:51:15,425 - INFO - Extracting comments for post 1n8i0so (6 total)
2025-09-06 00:51:15,427 - INFO - Successfully extracted 6 comments for post 1n8i0so
2025-09-06 00:51:15,666 - INFO - Saved 50 posts to posts_batch_0012.json
2025-09-06 00:51:16,336 - INFO - Extracting comments for post 1n8hjq6 (6 total)
2025-09-06 00:51:16,338 - INFO - Successfully extracted 6 comments for post 1n8hjq6
2025-09-06 00:51:16,947 - INFO - Extracting comments for post 1n8hcj0 (1 total)
2025-09-06 00:51:16,948 - INFO - Successfully extracted 1 comments for post 1n8hcj0
2025-09-06 00:51:17,570 - INFO - Extracting comments for post 1n8gzqe (1 total)
2025-09-06 00:51:17,571 - INFO - Successfully extracted 1 comments for post 1n8gzqe
2025-09-06 00:51:18,194 - INFO - Extracting comments for post 1n8gb9u (7 total)
2025-09-06 00:51:18,197 - INFO - Successfully extracted 7 comments for post 1n8gb9u
2025-09-06 00:51:18,825 - INFO - Extracting comments for post 1n8gb9t (10 total)
2025-09-06 00:51:18,827 - INFO - Successfully extracted 10 comments for post 1n8gb9t
2025-09-06 00:51:19,462 - INFO - Extracting comments for post 1n8f7w2 (4 total)
2025-09-06 00:51:19,463 - INFO - Successfully extracted 4 comments for post 1n8f7w2
2025-09-06 00:51:20,091 - INFO - Extracting comments for post 1n8en8y (1 total)
2025-09-06 00:51:20,092 - INFO - Successfully extracted 1 comments for post 1n8en8y
2025-09-06 00:51:20,730 - INFO - Extracting comments for post 1n8e078 (1 total)
2025-09-06 00:51:20,732 - INFO - Successfully extracted 1 comments for post 1n8e078
2025-09-06 00:51:21,338 - INFO - Extracting comments for post 1n8clga (5 total)
2025-09-06 00:51:21,339 - INFO - Successfully extracted 5 comments for post 1n8clga
2025-09-06 00:51:21,939 - INFO - Extracting comments for post 1n8caux (0 total)
2025-09-06 00:51:21,941 - INFO - Successfully extracted 0 comments for post 1n8caux
2025-09-06 00:51:22,563 - INFO - Extracting comments for post 1n7rrom (0 total)
2025-09-06 00:51:22,563 - INFO - Successfully extracted 0 comments for post 1n7rrom
2025-09-06 00:51:23,299 - INFO - Extracting comments for post 1n8aj0d (17 total)
2025-09-06 00:51:23,302 - INFO - Successfully extracted 17 comments for post 1n8aj0d
2025-09-06 00:51:23,910 - INFO - Extracting comments for post 1n895ni (0 total)
2025-09-06 00:51:23,911 - INFO - Successfully extracted 0 comments for post 1n895ni
2025-09-06 00:51:24,488 - INFO - Extracting comments for post 1n88n0m (0 total)
2025-09-06 00:51:24,488 - INFO - Successfully extracted 0 comments for post 1n88n0m
2025-09-06 00:51:25,090 - INFO - Extracting comments for post 1n85rtp (0 total)
2025-09-06 00:51:25,091 - INFO - Successfully extracted 0 comments for post 1n85rtp
2025-09-06 00:51:25,726 - INFO - Extracting comments for post 1n841jp (0 total)
2025-09-06 00:51:25,727 - INFO - Successfully extracted 0 comments for post 1n841jp
2025-09-06 00:51:26,365 - INFO - Extracting comments for post 1n7z3o6 (0 total)
2025-09-06 00:51:26,365 - INFO - Successfully extracted 0 comments for post 1n7z3o6
2025-09-06 00:51:26,982 - INFO - Extracting comments for post 1n7xpgl (1 total)
2025-09-06 00:51:26,984 - INFO - Successfully extracted 1 comments for post 1n7xpgl
2025-09-06 00:51:27,700 - INFO - Extracting comments for post 1n7w3dh (7 total)
2025-09-06 00:51:27,702 - INFO - Successfully extracted 7 comments for post 1n7w3dh
2025-09-06 00:51:28,314 - INFO - Extracting comments for post 1n7vay7 (0 total)
2025-09-06 00:51:28,315 - INFO - Successfully extracted 0 comments for post 1n7vay7
2025-09-06 00:51:29,133 - INFO - Extracting comments for post 1n7ths3 (0 total)
2025-09-06 00:51:29,134 - INFO - Successfully extracted 0 comments for post 1n7ths3
2025-09-06 00:51:29,850 - INFO - Extracting comments for post 1n7t9gp (0 total)
2025-09-06 00:51:29,851 - INFO - Successfully extracted 0 comments for post 1n7t9gp
2025-09-06 00:51:30,465 - INFO - Extracting comments for post 1n7t74m (0 total)
2025-09-06 00:51:30,466 - INFO - Successfully extracted 0 comments for post 1n7t74m
2025-09-06 00:51:31,078 - INFO - Extracting comments for post 1n7rq17 (1 total)
2025-09-06 00:51:31,081 - INFO - Successfully extracted 1 comments for post 1n7rq17
2025-09-06 00:51:31,902 - INFO - Extracting comments for post 1n7pay9 (9 total)
2025-09-06 00:51:31,907 - INFO - Successfully extracted 9 comments for post 1n7pay9
2025-09-06 00:51:32,512 - INFO - Extracting comments for post 1n89hl9 (0 total)
2025-09-06 00:51:32,513 - INFO - Successfully extracted 0 comments for post 1n89hl9
2025-09-06 00:51:33,232 - INFO - Extracting comments for post 1n893bw (19 total)
2025-09-06 00:51:33,235 - INFO - Successfully extracted 19 comments for post 1n893bw
2025-09-06 00:51:33,975 - INFO - Extracting comments for post 1n87fvg (30 total)
2025-09-06 00:51:33,977 - INFO - Successfully extracted 31 comments for post 1n87fvg
2025-09-06 00:51:34,659 - INFO - Extracting comments for post 1n84utc (13 total)
2025-09-06 00:51:34,663 - INFO - Successfully extracted 13 comments for post 1n84utc
2025-09-06 00:51:35,809 - INFO - Extracting comments for post 1n84h8s (69 total)
2025-09-06 00:51:35,841 - INFO - Successfully extracted 70 comments for post 1n84h8s
2025-09-06 00:51:36,421 - INFO - Extracting comments for post 1n845vj (1 total)
2025-09-06 00:51:36,421 - INFO - Successfully extracted 1 comments for post 1n845vj
2025-09-06 00:51:37,113 - INFO - Extracting comments for post 1n8312k (21 total)
2025-09-06 00:51:37,115 - INFO - Successfully extracted 21 comments for post 1n8312k
2025-09-06 00:51:37,704 - INFO - Extracting comments for post 1n82o39 (2 total)
2025-09-06 00:51:37,706 - INFO - Successfully extracted 2 comments for post 1n82o39
2025-09-06 00:51:38,350 - INFO - Extracting comments for post 1n82fd0 (11 total)
2025-09-06 00:51:38,355 - INFO - Successfully extracted 11 comments for post 1n82fd0
2025-09-06 00:51:38,922 - INFO - Extracting comments for post 1n82byt (1 total)
2025-09-06 00:51:38,928 - INFO - Successfully extracted 1 comments for post 1n82byt
2025-09-06 00:51:40,006 - INFO - Extracting comments for post 1n821zk (0 total)
2025-09-06 00:51:40,007 - INFO - Successfully extracted 0 comments for post 1n821zk
2025-09-06 00:51:40,621 - INFO - Extracting comments for post 1n804wn (8 total)
2025-09-06 00:51:40,627 - INFO - Successfully extracted 8 comments for post 1n804wn
2025-09-06 00:51:41,329 - INFO - Extracting comments for post 1n7zd1o (15 total)
2025-09-06 00:51:41,332 - INFO - Successfully extracted 15 comments for post 1n7zd1o
2025-09-06 00:51:41,900 - INFO - Extracting comments for post 1n7z6qu (0 total)
2025-09-06 00:51:41,901 - INFO - Successfully extracted 0 comments for post 1n7z6qu
2025-09-06 00:51:42,517 - INFO - Extracting comments for post 1n7x8xd (5 total)
2025-09-06 00:51:42,518 - INFO - Successfully extracted 5 comments for post 1n7x8xd
2025-09-06 00:51:43,144 - INFO - Extracting comments for post 1n7ws2t (0 total)
2025-09-06 00:51:43,145 - INFO - Successfully extracted 0 comments for post 1n7ws2t
2025-09-06 00:51:43,798 - INFO - Extracting comments for post 1n7wpdc (15 total)
2025-09-06 00:51:43,817 - INFO - Successfully extracted 15 comments for post 1n7wpdc
2025-09-06 00:51:44,595 - INFO - Extracting comments for post 1n7v4dd (1 total)
2025-09-06 00:51:44,595 - INFO - Successfully extracted 1 comments for post 1n7v4dd
2025-09-06 00:51:45,418 - INFO - Extracting comments for post 1n7ugtu (10 total)
2025-09-06 00:51:45,419 - INFO - Successfully extracted 10 comments for post 1n7ugtu
2025-09-06 00:51:46,246 - INFO - Extracting comments for post 1n7txak (37 total)
2025-09-06 00:51:46,281 - INFO - Successfully extracted 37 comments for post 1n7txak
2025-09-06 00:51:46,919 - INFO - Extracting comments for post 1n7tvcq (11 total)
2025-09-06 00:51:46,920 - INFO - Successfully extracted 11 comments for post 1n7tvcq
2025-09-06 00:51:47,917 - INFO - Extracting comments for post 1n7ticw (42 total)
2025-09-06 00:51:47,919 - INFO - Successfully extracted 41 comments for post 1n7ticw
2025-09-06 00:51:48,805 - INFO - Extracting comments for post 1n7tcmk (40 total)
2025-09-06 00:51:48,809 - INFO - Successfully extracted 40 comments for post 1n7tcmk
2025-09-06 00:51:49,010 - INFO - Scraping posts sorted by: new
2025-09-06 00:51:51,432 - INFO - Extracting comments for post 1n9dxlv (1 total)
2025-09-06 00:51:51,433 - INFO - Successfully extracted 1 comments for post 1n9dxlv
2025-09-06 00:51:52,029 - INFO - Extracting comments for post 1n9ak95 (2 total)
2025-09-06 00:51:52,030 - INFO - Successfully extracted 2 comments for post 1n9ak95
2025-09-06 00:51:52,139 - INFO - Saved 50 posts to posts_batch_0013.json
2025-09-06 00:51:52,770 - INFO - Extracting comments for post 1n97lxy (0 total)
2025-09-06 00:51:52,771 - INFO - Successfully extracted 0 comments for post 1n97lxy
2025-09-06 00:51:53,514 - INFO - Extracting comments for post 1n97htu (37 total)
2025-09-06 00:51:53,516 - INFO - Successfully extracted 37 comments for post 1n97htu
2025-09-06 00:51:54,134 - INFO - Extracting comments for post 1n8saeu (5 total)
2025-09-06 00:51:54,134 - INFO - Successfully extracted 5 comments for post 1n8saeu
2025-09-06 00:51:54,751 - INFO - Extracting comments for post 1n969d5 (4 total)
2025-09-06 00:51:54,751 - INFO - Successfully extracted 4 comments for post 1n969d5
2025-09-06 00:51:55,342 - INFO - Extracting comments for post 1n8u91n (3 total)
2025-09-06 00:51:55,342 - INFO - Successfully extracted 3 comments for post 1n8u91n
2025-09-06 00:51:55,928 - INFO - Extracting comments for post 1n8xf9d (0 total)
2025-09-06 00:51:55,928 - INFO - Successfully extracted 0 comments for post 1n8xf9d
2025-09-06 00:51:56,569 - INFO - Extracting comments for post 1n8xlkl (0 total)
2025-09-06 00:51:56,569 - INFO - Successfully extracted 0 comments for post 1n8xlkl
2025-09-06 00:51:57,188 - INFO - Extracting comments for post 1n91sw6 (0 total)
2025-09-06 00:51:57,188 - INFO - Successfully extracted 0 comments for post 1n91sw6
2025-09-06 00:51:57,902 - INFO - Extracting comments for post 1n93ckb (1 total)
2025-09-06 00:51:57,905 - INFO - Successfully extracted 1 comments for post 1n93ckb
2025-09-06 00:51:57,993 - INFO - Pipeline components initialized successfully
2025-09-06 00:51:57,993 - INFO - Starting cleaning phase
2025-09-06 00:51:57,993 - INFO - Starting text cleaning process
2025-09-06 00:51:58,523 - INFO - Extracting comments for post 1n9400x (0 total)
2025-09-06 00:51:58,524 - INFO - Successfully extracted 0 comments for post 1n9400x
2025-09-06 00:51:59,146 - INFO - Extracting comments for post 1n95uci (0 total)
2025-09-06 00:51:59,147 - INFO - Successfully extracted 0 comments for post 1n95uci
2025-09-06 00:51:59,811 - INFO - Text cleaning completed. Total posts processed: 400
2025-09-06 00:51:59,811 - INFO - Output files saved in: data/clean
2025-09-06 00:51:59,819 - INFO - Cleaning phase completed successfully
2025-09-06 00:51:59,858 - INFO - Extracting comments for post 1n95cmp (2 total)
2025-09-06 00:51:59,858 - INFO - Successfully extracted 2 comments for post 1n95cmp
2025-09-06 00:52:00,466 - INFO - Extracting comments for post 1n93s48 (5 total)
2025-09-06 00:52:00,467 - INFO - Successfully extracted 5 comments for post 1n93s48
2025-09-06 00:52:01,174 - INFO - Extracting comments for post 1n92oz7 (18 total)
2025-09-06 00:52:01,176 - INFO - Successfully extracted 18 comments for post 1n92oz7
2025-09-06 00:52:01,763 - INFO - Extracting comments for post 1n92kz6 (0 total)
2025-09-06 00:52:01,763 - INFO - Successfully extracted 0 comments for post 1n92kz6
2025-09-06 00:52:02,357 - INFO - Extracting comments for post 1n92jdq (4 total)
2025-09-06 00:52:02,357 - INFO - Successfully extracted 4 comments for post 1n92jdq
2025-09-06 00:52:03,027 - INFO - Extracting comments for post 1n90xlk (20 total)
2025-09-06 00:52:03,027 - INFO - Successfully extracted 20 comments for post 1n90xlk
2025-09-06 00:52:03,638 - INFO - Extracting comments for post 1n90cq1 (4 total)
2025-09-06 00:52:03,644 - INFO - Successfully extracted 4 comments for post 1n90cq1
2025-09-06 00:52:04,351 - INFO - Extracting comments for post 1n8yge7 (6 total)
2025-09-06 00:52:04,354 - INFO - Successfully extracted 6 comments for post 1n8yge7
2025-09-06 00:52:05,423 - INFO - Extracting comments for post 1n8y6k8 (1 total)
2025-09-06 00:52:05,423 - INFO - Successfully extracted 1 comments for post 1n8y6k8
2025-09-06 00:52:06,013 - INFO - Extracting comments for post 1n8y6hj (5 total)
2025-09-06 00:52:06,013 - INFO - Successfully extracted 5 comments for post 1n8y6hj
2025-09-06 00:52:06,644 - INFO - Extracting comments for post 1n8wmja (4 total)
2025-09-06 00:52:06,644 - INFO - Successfully extracted 4 comments for post 1n8wmja
2025-09-06 00:52:07,438 - INFO - Extracting comments for post 1n8ty1b (43 total)
2025-09-06 00:52:07,447 - INFO - Successfully extracted 43 comments for post 1n8ty1b
2025-09-06 00:52:08,081 - INFO - Pipeline components initialized successfully
2025-09-06 00:52:08,081 - INFO - Starting cleaning phase
2025-09-06 00:52:08,081 - INFO - Starting text cleaning process
2025-09-06 00:52:08,081 - INFO - All files have already been processed
2025-09-06 00:52:08,081 - INFO - Cleaning phase completed successfully
2025-09-06 00:52:08,147 - INFO - Extracting comments for post 1n8tfs0 (1 total)
2025-09-06 00:52:08,148 - INFO - Successfully extracted 1 comments for post 1n8tfs0
2025-09-06 00:52:08,742 - INFO - Extracting comments for post 1n8s9l7 (2 total)
2025-09-06 00:52:08,742 - INFO - Successfully extracted 2 comments for post 1n8s9l7
2025-09-06 00:52:09,422 - INFO - Extracting comments for post 1n8s41x (29 total)
2025-09-06 00:52:09,425 - INFO - Successfully extracted 27 comments for post 1n8s41x
2025-09-06 00:52:10,005 - INFO - Extracting comments for post 1n8mu2l (1 total)
2025-09-06 00:52:10,005 - INFO - Successfully extracted 1 comments for post 1n8mu2l
2025-09-06 00:52:10,592 - INFO - Extracting comments for post 1n8n5oc (1 total)
2025-09-06 00:52:10,592 - INFO - Successfully extracted 1 comments for post 1n8n5oc
2025-09-06 00:52:11,172 - INFO - Extracting comments for post 1n8r21i (4 total)
2025-09-06 00:52:11,174 - INFO - Successfully extracted 4 comments for post 1n8r21i
2025-09-06 00:52:11,873 - INFO - Extracting comments for post 1n8rd79 (1 total)
2025-09-06 00:52:11,873 - INFO - Successfully extracted 1 comments for post 1n8rd79
2025-09-06 00:52:12,464 - INFO - Extracting comments for post 1n8qga6 (1 total)
2025-09-06 00:52:12,464 - INFO - Successfully extracted 1 comments for post 1n8qga6
2025-09-06 00:52:13,165 - INFO - Extracting comments for post 1n8pldd (2 total)
2025-09-06 00:52:13,165 - INFO - Successfully extracted 2 comments for post 1n8pldd
2025-09-06 00:52:13,885 - INFO - Extracting comments for post 1n8oy95 (20 total)
2025-09-06 00:52:13,885 - INFO - Successfully extracted 20 comments for post 1n8oy95
2025-09-06 00:52:14,601 - INFO - Extracting comments for post 1n8ohii (10 total)
2025-09-06 00:52:14,603 - INFO - Successfully extracted 10 comments for post 1n8ohii
2025-09-06 00:52:15,185 - INFO - Extracting comments for post 1n8of2a (0 total)
2025-09-06 00:52:15,185 - INFO - Successfully extracted 0 comments for post 1n8of2a
2025-09-06 00:52:15,768 - INFO - Extracting comments for post 1n8o8k3 (1 total)
2025-09-06 00:52:15,768 - INFO - Successfully extracted 1 comments for post 1n8o8k3
2025-09-06 00:52:16,390 - INFO - Extracting comments for post 1n8nsbs (3 total)
2025-09-06 00:52:16,390 - INFO - Successfully extracted 3 comments for post 1n8nsbs
2025-09-06 00:52:17,019 - INFO - Extracting comments for post 1n8l3dp (0 total)
2025-09-06 00:52:17,019 - INFO - Successfully extracted 0 comments for post 1n8l3dp
2025-09-06 00:52:17,670 - INFO - Extracting comments for post 1n8inpa (6 total)
2025-09-06 00:52:17,670 - INFO - Successfully extracted 6 comments for post 1n8inpa
2025-09-06 00:52:18,269 - INFO - Extracting comments for post 1n8h0ur (3 total)
2025-09-06 00:52:18,269 - INFO - Successfully extracted 3 comments for post 1n8h0ur
2025-09-06 00:52:18,860 - INFO - Extracting comments for post 1n8lynh (1 total)
2025-09-06 00:52:18,862 - INFO - Successfully extracted 1 comments for post 1n8lynh
2025-09-06 00:52:19,461 - INFO - Extracting comments for post 1n8fh1g (2 total)
2025-09-06 00:52:19,461 - INFO - Successfully extracted 2 comments for post 1n8fh1g
2025-09-06 00:52:20,176 - INFO - Extracting comments for post 1n8f596 (35 total)
2025-09-06 00:52:20,178 - INFO - Successfully extracted 34 comments for post 1n8f596
2025-09-06 00:52:20,748 - INFO - Extracting comments for post 1n8dzre (0 total)
2025-09-06 00:52:20,749 - INFO - Successfully extracted 0 comments for post 1n8dzre
2025-09-06 00:52:21,330 - INFO - Extracting comments for post 1n8dunm (0 total)
2025-09-06 00:52:21,330 - INFO - Successfully extracted 0 comments for post 1n8dunm
2025-09-06 00:52:22,003 - INFO - Extracting comments for post 1n8lvv1 (0 total)
2025-09-06 00:52:22,003 - INFO - Successfully extracted 0 comments for post 1n8lvv1
2025-09-06 00:52:23,444 - INFO - Extracting comments for post 1n8l3ke (35 total)
2025-09-06 00:52:23,475 - INFO - Successfully extracted 35 comments for post 1n8l3ke
2025-09-06 00:52:24,082 - INFO - Extracting comments for post 1n8i3y0 (3 total)
2025-09-06 00:52:24,083 - INFO - Successfully extracted 3 comments for post 1n8i3y0
2025-09-06 00:52:24,739 - INFO - Extracting comments for post 1n8i0so (6 total)
2025-09-06 00:52:24,739 - INFO - Successfully extracted 6 comments for post 1n8i0so
2025-09-06 00:52:25,323 - INFO - Extracting comments for post 1n8hjq6 (6 total)
2025-09-06 00:52:25,323 - INFO - Successfully extracted 6 comments for post 1n8hjq6
2025-09-06 00:52:25,467 - INFO - Saved 50 posts to posts_batch_0014.json
2025-09-06 00:52:26,078 - INFO - Extracting comments for post 1n8hcj0 (1 total)
2025-09-06 00:52:26,078 - INFO - Successfully extracted 1 comments for post 1n8hcj0
2025-09-06 00:52:26,756 - INFO - Extracting comments for post 1n8gzqe (1 total)
2025-09-06 00:52:26,757 - INFO - Successfully extracted 1 comments for post 1n8gzqe
2025-09-06 00:52:27,469 - INFO - Extracting comments for post 1n8gb9u (7 total)
2025-09-06 00:52:27,469 - INFO - Successfully extracted 7 comments for post 1n8gb9u
2025-09-06 00:52:28,196 - INFO - Extracting comments for post 1n8gb9t (10 total)
2025-09-06 00:52:28,198 - INFO - Successfully extracted 10 comments for post 1n8gb9t
2025-09-06 00:52:28,959 - INFO - Extracting comments for post 1n8f7w2 (4 total)
2025-09-06 00:52:28,959 - INFO - Successfully extracted 4 comments for post 1n8f7w2
2025-09-06 00:52:29,675 - INFO - Extracting comments for post 1n8en8y (1 total)
2025-09-06 00:52:29,677 - INFO - Successfully extracted 1 comments for post 1n8en8y
2025-09-06 00:52:30,367 - INFO - Extracting comments for post 1n8e078 (1 total)
2025-09-06 00:52:30,368 - INFO - Successfully extracted 1 comments for post 1n8e078
2025-09-06 00:52:30,970 - INFO - Extracting comments for post 1n8clga (5 total)
2025-09-06 00:52:30,971 - INFO - Successfully extracted 5 comments for post 1n8clga
2025-09-06 00:52:31,574 - INFO - Extracting comments for post 1n8caux (0 total)
2025-09-06 00:52:31,576 - INFO - Successfully extracted 0 comments for post 1n8caux
2025-09-06 00:52:32,163 - INFO - Extracting comments for post 1n7rrom (0 total)
2025-09-06 00:52:32,164 - INFO - Successfully extracted 0 comments for post 1n7rrom
2025-09-06 00:52:33,137 - INFO - Extracting comments for post 1n8aj0d (17 total)
2025-09-06 00:52:33,140 - INFO - Successfully extracted 17 comments for post 1n8aj0d
2025-09-06 00:52:33,749 - INFO - Extracting comments for post 1n895ni (0 total)
2025-09-06 00:52:33,750 - INFO - Successfully extracted 0 comments for post 1n895ni
2025-09-06 00:52:34,364 - INFO - Extracting comments for post 1n88n0m (0 total)
2025-09-06 00:52:34,366 - INFO - Successfully extracted 0 comments for post 1n88n0m
2025-09-06 00:52:34,983 - INFO - Extracting comments for post 1n85rtp (0 total)
2025-09-06 00:52:34,985 - INFO - Successfully extracted 0 comments for post 1n85rtp
2025-09-06 00:52:35,563 - INFO - Extracting comments for post 1n841jp (0 total)
2025-09-06 00:52:35,565 - INFO - Successfully extracted 0 comments for post 1n841jp
2025-09-06 00:52:36,149 - INFO - Extracting comments for post 1n7z3o6 (0 total)
2025-09-06 00:52:36,150 - INFO - Successfully extracted 0 comments for post 1n7z3o6
2025-09-06 00:52:36,750 - INFO - Extracting comments for post 1n7xpgl (1 total)
2025-09-06 00:52:36,751 - INFO - Successfully extracted 1 comments for post 1n7xpgl
2025-09-06 00:52:37,439 - INFO - Extracting comments for post 1n7w3dh (7 total)
2025-09-06 00:52:37,441 - INFO - Successfully extracted 7 comments for post 1n7w3dh
2025-09-06 00:52:38,054 - INFO - Extracting comments for post 1n7vay7 (0 total)
2025-09-06 00:52:38,057 - INFO - Successfully extracted 0 comments for post 1n7vay7
2025-09-06 00:52:38,665 - INFO - Extracting comments for post 1n7ths3 (0 total)
2025-09-06 00:52:38,667 - INFO - Successfully extracted 0 comments for post 1n7ths3
2025-09-06 00:52:39,253 - INFO - Extracting comments for post 1n7t9gp (0 total)
2025-09-06 00:52:39,254 - INFO - Successfully extracted 0 comments for post 1n7t9gp
2025-09-06 00:52:39,871 - INFO - Extracting comments for post 1n7t74m (0 total)
2025-09-06 00:52:39,872 - INFO - Successfully extracted 0 comments for post 1n7t74m
2025-09-06 00:52:40,506 - INFO - Extracting comments for post 1n7rq17 (1 total)
2025-09-06 00:52:40,511 - INFO - Successfully extracted 1 comments for post 1n7rq17
2025-09-06 00:52:41,193 - INFO - Extracting comments for post 1n7pay9 (9 total)
2025-09-06 00:52:41,194 - INFO - Successfully extracted 9 comments for post 1n7pay9
2025-09-06 00:52:41,764 - INFO - Extracting comments for post 1n89hl9 (0 total)
2025-09-06 00:52:41,765 - INFO - Successfully extracted 0 comments for post 1n89hl9
2025-09-06 00:52:42,428 - INFO - Extracting comments for post 1n893bw (19 total)
2025-09-06 00:52:42,433 - INFO - Successfully extracted 19 comments for post 1n893bw
2025-09-06 00:52:43,144 - INFO - Extracting comments for post 1n87fvg (30 total)
2025-09-06 00:52:43,150 - INFO - Successfully extracted 31 comments for post 1n87fvg
2025-09-06 00:52:43,893 - INFO - Extracting comments for post 1n84utc (13 total)
2025-09-06 00:52:43,900 - INFO - Successfully extracted 13 comments for post 1n84utc
2025-09-06 00:52:45,154 - INFO - Extracting comments for post 1n84h8s (69 total)
2025-09-06 00:52:45,204 - INFO - Successfully extracted 70 comments for post 1n84h8s
2025-09-06 00:52:45,806 - INFO - Extracting comments for post 1n845vj (1 total)
2025-09-06 00:52:45,810 - INFO - Successfully extracted 1 comments for post 1n845vj
2025-09-06 00:52:46,502 - INFO - Extracting comments for post 1n8312k (21 total)
2025-09-06 00:52:46,505 - INFO - Successfully extracted 21 comments for post 1n8312k
2025-09-06 00:52:47,101 - INFO - Extracting comments for post 1n82o39 (2 total)
2025-09-06 00:52:47,103 - INFO - Successfully extracted 2 comments for post 1n82o39
2025-09-06 00:52:47,753 - INFO - Extracting comments for post 1n82fd0 (11 total)
2025-09-06 00:52:47,758 - INFO - Successfully extracted 11 comments for post 1n82fd0
2025-09-06 00:52:48,344 - INFO - Extracting comments for post 1n82byt (1 total)
2025-09-06 00:52:48,344 - INFO - Successfully extracted 1 comments for post 1n82byt
2025-09-06 00:52:48,916 - INFO - Extracting comments for post 1n821zk (0 total)
2025-09-06 00:52:48,916 - INFO - Successfully extracted 0 comments for post 1n821zk
2025-09-06 00:52:49,573 - INFO - Extracting comments for post 1n804wn (8 total)
2025-09-06 00:52:49,577 - INFO - Successfully extracted 8 comments for post 1n804wn
2025-09-06 00:52:50,436 - INFO - Extracting comments for post 1n7zd1o (15 total)
2025-09-06 00:52:50,438 - INFO - Successfully extracted 15 comments for post 1n7zd1o
2025-09-06 00:52:51,011 - INFO - Extracting comments for post 1n7z6qu (0 total)
2025-09-06 00:52:51,013 - INFO - Successfully extracted 0 comments for post 1n7z6qu
2025-09-06 00:52:51,718 - INFO - Extracting comments for post 1n7x8xd (5 total)
2025-09-06 00:52:51,720 - INFO - Successfully extracted 5 comments for post 1n7x8xd
2025-09-06 00:52:52,306 - INFO - Extracting comments for post 1n7ws2t (0 total)
2025-09-06 00:52:52,307 - INFO - Successfully extracted 0 comments for post 1n7ws2t
2025-09-06 00:52:52,990 - INFO - Extracting comments for post 1n7wpdc (15 total)
2025-09-06 00:52:52,991 - INFO - Successfully extracted 15 comments for post 1n7wpdc
2025-09-06 00:52:53,593 - INFO - Extracting comments for post 1n7v4dd (1 total)
2025-09-06 00:52:53,598 - INFO - Successfully extracted 1 comments for post 1n7v4dd
2025-09-06 00:52:54,225 - INFO - Extracting comments for post 1n7ugtu (10 total)
2025-09-06 00:52:54,226 - INFO - Successfully extracted 10 comments for post 1n7ugtu
2025-09-06 00:52:54,955 - INFO - Extracting comments for post 1n7txak (37 total)
2025-09-06 00:52:55,022 - INFO - Successfully extracted 37 comments for post 1n7txak
2025-09-06 00:52:55,642 - INFO - Extracting comments for post 1n7tvcq (11 total)
2025-09-06 00:52:55,643 - INFO - Successfully extracted 11 comments for post 1n7tvcq
2025-09-06 00:52:56,700 - INFO - Extracting comments for post 1n7ticw (42 total)
2025-09-06 00:52:56,702 - INFO - Successfully extracted 41 comments for post 1n7ticw
2025-09-06 00:52:57,472 - INFO - Extracting comments for post 1n7tcmk (40 total)
2025-09-06 00:52:57,475 - INFO - Successfully extracted 40 comments for post 1n7tcmk
2025-09-06 00:52:57,677 - INFO - Scraping posts sorted by: new
2025-09-06 00:53:00,032 - INFO - Extracting comments for post 1n9dxlv (1 total)
2025-09-06 00:53:00,032 - INFO - Successfully extracted 1 comments for post 1n9dxlv
2025-09-06 00:53:00,642 - INFO - Extracting comments for post 1n9ak95 (2 total)
2025-09-06 00:53:00,643 - INFO - Successfully extracted 2 comments for post 1n9ak95
2025-09-06 00:53:01,263 - INFO - Extracting comments for post 1n97lxy (0 total)
2025-09-06 00:53:01,263 - INFO - Successfully extracted 0 comments for post 1n97lxy
2025-09-06 00:53:01,445 - INFO - Saved 50 posts to posts_batch_0015.json
2025-09-06 00:53:02,496 - INFO - Extracting comments for post 1n97htu (37 total)
2025-09-06 00:53:02,499 - INFO - Successfully extracted 37 comments for post 1n97htu
2025-09-06 00:53:03,109 - INFO - Extracting comments for post 1n8saeu (5 total)
2025-09-06 00:53:03,110 - INFO - Successfully extracted 5 comments for post 1n8saeu
2025-09-06 00:53:03,705 - INFO - Extracting comments for post 1n969d5 (4 total)
2025-09-06 00:53:03,726 - INFO - Successfully extracted 4 comments for post 1n969d5
2025-09-06 00:53:04,430 - INFO - Extracting comments for post 1n8u91n (3 total)
2025-09-06 00:53:04,431 - INFO - Successfully extracted 3 comments for post 1n8u91n
2025-09-06 00:53:05,004 - INFO - Extracting comments for post 1n8xf9d (0 total)
2025-09-06 00:53:05,006 - INFO - Successfully extracted 0 comments for post 1n8xf9d
2025-09-06 00:53:05,579 - INFO - Extracting comments for post 1n8xlkl (0 total)
2025-09-06 00:53:05,580 - INFO - Successfully extracted 0 comments for post 1n8xlkl
2025-09-06 00:53:06,147 - INFO - Extracting comments for post 1n91sw6 (0 total)
2025-09-06 00:53:06,147 - INFO - Successfully extracted 0 comments for post 1n91sw6
2025-09-06 00:53:07,049 - INFO - Extracting comments for post 1n93ckb (1 total)
2025-09-06 00:53:07,050 - INFO - Successfully extracted 1 comments for post 1n93ckb
2025-09-06 00:53:07,625 - INFO - Extracting comments for post 1n9400x (0 total)
2025-09-06 00:53:07,625 - INFO - Successfully extracted 0 comments for post 1n9400x
2025-09-06 00:53:08,255 - INFO - Extracting comments for post 1n95uci (0 total)
2025-09-06 00:53:08,255 - INFO - Successfully extracted 0 comments for post 1n95uci
2025-09-06 00:53:08,973 - INFO - Extracting comments for post 1n95cmp (2 total)
2025-09-06 00:53:08,973 - INFO - Successfully extracted 2 comments for post 1n95cmp
2025-09-06 00:53:09,576 - INFO - Extracting comments for post 1n93s48 (5 total)
2025-09-06 00:53:09,577 - INFO - Successfully extracted 5 comments for post 1n93s48
2025-09-06 00:53:10,219 - INFO - Extracting comments for post 1n92oz7 (18 total)
2025-09-06 00:53:10,221 - INFO - Successfully extracted 18 comments for post 1n92oz7
2025-09-06 00:53:10,793 - INFO - Extracting comments for post 1n92kz6 (0 total)
2025-09-06 00:53:10,793 - INFO - Successfully extracted 0 comments for post 1n92kz6
2025-09-06 00:53:11,383 - INFO - Extracting comments for post 1n92jdq (4 total)
2025-09-06 00:53:11,383 - INFO - Successfully extracted 4 comments for post 1n92jdq
2025-09-06 00:53:12,063 - INFO - Extracting comments for post 1n90xlk (20 total)
2025-09-06 00:53:12,063 - INFO - Successfully extracted 20 comments for post 1n90xlk
2025-09-06 00:53:12,665 - INFO - Extracting comments for post 1n90cq1 (4 total)
2025-09-06 00:53:12,665 - INFO - Successfully extracted 4 comments for post 1n90cq1
2025-09-06 00:53:13,318 - INFO - Extracting comments for post 1n8yge7 (6 total)
2025-09-06 00:53:13,318 - INFO - Successfully extracted 6 comments for post 1n8yge7
2025-09-06 00:53:13,907 - INFO - Extracting comments for post 1n8y6k8 (1 total)
2025-09-06 00:53:13,907 - INFO - Successfully extracted 1 comments for post 1n8y6k8
2025-09-06 00:53:14,511 - INFO - Extracting comments for post 1n8y6hj (5 total)
2025-09-06 00:53:14,511 - INFO - Successfully extracted 5 comments for post 1n8y6hj
2025-09-06 00:53:15,166 - INFO - Extracting comments for post 1n8wmja (4 total)
2025-09-06 00:53:15,166 - INFO - Successfully extracted 4 comments for post 1n8wmja
2025-09-06 00:53:15,947 - INFO - Extracting comments for post 1n8ty1b (43 total)
2025-09-06 00:53:15,947 - INFO - Successfully extracted 43 comments for post 1n8ty1b
2025-09-06 00:53:16,553 - INFO - Extracting comments for post 1n8tfs0 (1 total)
2025-09-06 00:53:16,553 - INFO - Successfully extracted 1 comments for post 1n8tfs0
2025-09-06 00:53:17,144 - INFO - Extracting comments for post 1n8s9l7 (2 total)
2025-09-06 00:53:17,144 - INFO - Successfully extracted 2 comments for post 1n8s9l7
2025-09-06 00:53:17,872 - INFO - Extracting comments for post 1n8s41x (29 total)
2025-09-06 00:53:17,876 - INFO - Successfully extracted 27 comments for post 1n8s41x
2025-09-06 00:53:18,530 - INFO - Extracting comments for post 1n8mu2l (1 total)
2025-09-06 00:53:18,530 - INFO - Successfully extracted 1 comments for post 1n8mu2l
2025-09-06 00:53:19,560 - INFO - Extracting comments for post 1n8n5oc (1 total)
2025-09-06 00:53:19,560 - INFO - Successfully extracted 1 comments for post 1n8n5oc
2025-09-06 00:53:20,149 - INFO - Extracting comments for post 1n8r21i (4 total)
2025-09-06 00:53:20,165 - INFO - Successfully extracted 4 comments for post 1n8r21i
2025-09-06 00:53:20,867 - INFO - Extracting comments for post 1n8rd79 (1 total)
2025-09-06 00:53:20,867 - INFO - Successfully extracted 1 comments for post 1n8rd79
2025-09-06 00:53:21,480 - INFO - Extracting comments for post 1n8qga6 (1 total)
2025-09-06 00:53:21,480 - INFO - Successfully extracted 1 comments for post 1n8qga6
2025-09-06 00:53:22,075 - INFO - Extracting comments for post 1n8pldd (2 total)
2025-09-06 00:53:22,075 - INFO - Successfully extracted 2 comments for post 1n8pldd
2025-09-06 00:53:22,745 - INFO - Extracting comments for post 1n8oy95 (20 total)
2025-09-06 00:53:22,745 - INFO - Successfully extracted 20 comments for post 1n8oy95
2025-09-06 00:53:23,357 - INFO - Extracting comments for post 1n8ohii (10 total)
2025-09-06 00:53:23,362 - INFO - Successfully extracted 10 comments for post 1n8ohii
2025-09-06 00:53:24,009 - INFO - Extracting comments for post 1n8of2a (0 total)
2025-09-06 00:53:24,025 - INFO - Successfully extracted 0 comments for post 1n8of2a
2025-09-06 00:53:24,629 - INFO - Extracting comments for post 1n8o8k3 (1 total)
2025-09-06 00:53:24,629 - INFO - Successfully extracted 1 comments for post 1n8o8k3
2025-09-06 00:53:25,251 - INFO - Extracting comments for post 1n8nsbs (3 total)
2025-09-06 00:53:25,251 - INFO - Successfully extracted 3 comments for post 1n8nsbs
2025-09-06 00:53:25,879 - INFO - Extracting comments for post 1n8l3dp (0 total)
2025-09-06 00:53:25,879 - INFO - Successfully extracted 0 comments for post 1n8l3dp
2025-09-06 00:53:26,483 - INFO - Extracting comments for post 1n8inpa (6 total)
2025-09-06 00:53:26,485 - INFO - Successfully extracted 6 comments for post 1n8inpa
2025-09-06 00:53:27,100 - INFO - Extracting comments for post 1n8h0ur (3 total)
2025-09-06 00:53:27,103 - INFO - Successfully extracted 3 comments for post 1n8h0ur
2025-09-06 00:53:27,673 - INFO - Extracting comments for post 1n8lynh (1 total)
2025-09-06 00:53:27,673 - INFO - Successfully extracted 1 comments for post 1n8lynh
2025-09-06 00:53:28,247 - INFO - Extracting comments for post 1n8fh1g (2 total)
2025-09-06 00:53:28,247 - INFO - Successfully extracted 2 comments for post 1n8fh1g
2025-09-06 00:53:29,258 - INFO - Extracting comments for post 1n8f596 (35 total)
2025-09-06 00:53:29,258 - INFO - Successfully extracted 34 comments for post 1n8f596
2025-09-06 00:53:29,836 - INFO - Extracting comments for post 1n8dzre (0 total)
2025-09-06 00:53:29,836 - INFO - Successfully extracted 0 comments for post 1n8dzre
2025-09-06 00:53:30,418 - INFO - Extracting comments for post 1n8dunm (0 total)
2025-09-06 00:53:30,418 - INFO - Successfully extracted 0 comments for post 1n8dunm
2025-09-06 00:53:31,096 - INFO - Extracting comments for post 1n8lvv1 (0 total)
2025-09-06 00:53:31,096 - INFO - Successfully extracted 0 comments for post 1n8lvv1
2025-09-06 00:53:32,505 - INFO - Extracting comments for post 1n8l3ke (35 total)
2025-09-06 00:53:32,616 - INFO - Successfully extracted 35 comments for post 1n8l3ke
2025-09-06 00:53:33,253 - INFO - Extracting comments for post 1n8i3y0 (3 total)
2025-09-06 00:53:33,257 - INFO - Successfully extracted 3 comments for post 1n8i3y0
2025-09-06 00:53:33,889 - INFO - Extracting comments for post 1n8i0so (6 total)
2025-09-06 00:53:33,896 - INFO - Successfully extracted 6 comments for post 1n8i0so
2025-09-06 00:53:34,505 - INFO - Extracting comments for post 1n8hjq6 (6 total)
2025-09-06 00:53:34,505 - INFO - Successfully extracted 6 comments for post 1n8hjq6
2025-09-06 00:53:35,105 - INFO - Extracting comments for post 1n8hcj0 (1 total)
2025-09-06 00:53:35,105 - INFO - Successfully extracted 1 comments for post 1n8hcj0
2025-09-06 00:53:35,326 - INFO - Saved 50 posts to posts_batch_0016.json
2025-09-06 00:53:36,040 - INFO - Extracting comments for post 1n8gzqe (1 total)
2025-09-06 00:53:36,040 - INFO - Successfully extracted 1 comments for post 1n8gzqe
2025-09-06 00:53:36,659 - INFO - Extracting comments for post 1n8gb9u (7 total)
2025-09-06 00:53:36,661 - INFO - Successfully extracted 7 comments for post 1n8gb9u
2025-09-06 00:53:37,325 - INFO - Extracting comments for post 1n8gb9t (10 total)
2025-09-06 00:53:37,325 - INFO - Successfully extracted 10 comments for post 1n8gb9t
2025-09-06 00:53:37,942 - INFO - Extracting comments for post 1n8f7w2 (4 total)
2025-09-06 00:53:37,944 - INFO - Successfully extracted 4 comments for post 1n8f7w2
2025-09-06 00:53:38,523 - INFO - Extracting comments for post 1n8en8y (1 total)
2025-09-06 00:53:38,523 - INFO - Successfully extracted 1 comments for post 1n8en8y
2025-09-06 00:53:39,160 - INFO - Extracting comments for post 1n8e078 (1 total)
2025-09-06 00:53:39,160 - INFO - Successfully extracted 1 comments for post 1n8e078
2025-09-06 00:53:39,758 - INFO - Extracting comments for post 1n8clga (5 total)
2025-09-06 00:53:39,758 - INFO - Successfully extracted 5 comments for post 1n8clga
2025-09-06 00:53:40,837 - INFO - Extracting comments for post 1n8caux (0 total)
2025-09-06 00:53:40,838 - INFO - Successfully extracted 0 comments for post 1n8caux
2025-09-06 00:53:41,414 - INFO - Extracting comments for post 1n7rrom (0 total)
2025-09-06 00:53:41,416 - INFO - Successfully extracted 0 comments for post 1n7rrom
2025-09-06 00:53:42,150 - INFO - Extracting comments for post 1n8aj0d (17 total)
2025-09-06 00:53:42,151 - INFO - Successfully extracted 17 comments for post 1n8aj0d
2025-09-06 00:53:42,765 - INFO - Extracting comments for post 1n895ni (0 total)
2025-09-06 00:53:42,765 - INFO - Successfully extracted 0 comments for post 1n895ni
2025-09-06 00:53:43,379 - INFO - Extracting comments for post 1n88n0m (0 total)
2025-09-06 00:53:43,379 - INFO - Successfully extracted 0 comments for post 1n88n0m
2025-09-06 00:53:43,985 - INFO - Extracting comments for post 1n85rtp (0 total)
2025-09-06 00:53:43,986 - INFO - Successfully extracted 0 comments for post 1n85rtp
2025-09-06 00:53:44,562 - INFO - Extracting comments for post 1n841jp (0 total)
2025-09-06 00:53:44,562 - INFO - Successfully extracted 0 comments for post 1n841jp
2025-09-06 00:53:45,149 - INFO - Extracting comments for post 1n7z3o6 (0 total)
2025-09-06 00:53:45,149 - INFO - Successfully extracted 0 comments for post 1n7z3o6
2025-09-06 00:53:45,718 - INFO - Extracting comments for post 1n7xpgl (1 total)
2025-09-06 00:53:45,720 - INFO - Successfully extracted 1 comments for post 1n7xpgl
2025-09-06 00:53:46,319 - INFO - Extracting comments for post 1n7w3dh (7 total)
2025-09-06 00:53:46,321 - INFO - Successfully extracted 7 comments for post 1n7w3dh
2025-09-06 00:53:46,887 - INFO - Extracting comments for post 1n7vay7 (0 total)
2025-09-06 00:53:46,888 - INFO - Successfully extracted 0 comments for post 1n7vay7
2025-09-06 00:53:47,453 - INFO - Extracting comments for post 1n7ths3 (0 total)
2025-09-06 00:53:47,453 - INFO - Successfully extracted 0 comments for post 1n7ths3
2025-09-06 00:53:48,022 - INFO - Extracting comments for post 1n7t9gp (0 total)
2025-09-06 00:53:48,023 - INFO - Successfully extracted 0 comments for post 1n7t9gp
2025-09-06 00:53:48,602 - INFO - Extracting comments for post 1n7t74m (0 total)
2025-09-06 00:53:48,603 - INFO - Successfully extracted 0 comments for post 1n7t74m
2025-09-06 00:53:49,215 - INFO - Extracting comments for post 1n7rq17 (1 total)
2025-09-06 00:53:49,216 - INFO - Successfully extracted 1 comments for post 1n7rq17
2025-09-06 00:53:49,847 - INFO - Extracting comments for post 1n7pay9 (9 total)
2025-09-06 00:53:49,848 - INFO - Successfully extracted 9 comments for post 1n7pay9
2025-09-06 00:53:50,409 - INFO - Extracting comments for post 1n89hl9 (0 total)
2025-09-06 00:53:50,410 - INFO - Successfully extracted 0 comments for post 1n89hl9
2025-09-06 00:53:51,050 - INFO - Extracting comments for post 1n893bw (19 total)
2025-09-06 00:53:51,053 - INFO - Successfully extracted 19 comments for post 1n893bw
2025-09-06 00:53:51,985 - INFO - Extracting comments for post 1n87fvg (30 total)
2025-09-06 00:53:51,986 - INFO - Successfully extracted 31 comments for post 1n87fvg
2025-09-06 00:53:52,646 - INFO - Extracting comments for post 1n84utc (13 total)
2025-09-06 00:53:52,650 - INFO - Successfully extracted 13 comments for post 1n84utc
2025-09-06 00:53:53,940 - INFO - Extracting comments for post 1n84h8s (69 total)
2025-09-06 00:53:53,955 - INFO - Successfully extracted 70 comments for post 1n84h8s
2025-09-06 00:53:54,643 - INFO - Extracting comments for post 1n845vj (1 total)
2025-09-06 00:53:54,644 - INFO - Successfully extracted 1 comments for post 1n845vj
2025-09-06 00:53:55,363 - INFO - Extracting comments for post 1n8312k (21 total)
2025-09-06 00:53:55,368 - INFO - Successfully extracted 21 comments for post 1n8312k
2025-09-06 00:53:55,957 - INFO - Extracting comments for post 1n82o39 (2 total)
2025-09-06 00:53:55,958 - INFO - Successfully extracted 2 comments for post 1n82o39
2025-09-06 00:53:56,589 - INFO - Extracting comments for post 1n82fd0 (11 total)
2025-09-06 00:53:56,591 - INFO - Successfully extracted 11 comments for post 1n82fd0
2025-09-06 00:53:57,168 - INFO - Extracting comments for post 1n82byt (1 total)
2025-09-06 00:53:57,169 - INFO - Successfully extracted 1 comments for post 1n82byt
2025-09-06 00:53:57,749 - INFO - Extracting comments for post 1n821zk (0 total)
2025-09-06 00:53:57,750 - INFO - Successfully extracted 0 comments for post 1n821zk
2025-09-06 00:53:58,380 - INFO - Extracting comments for post 1n804wn (8 total)
2025-09-06 00:53:58,385 - INFO - Successfully extracted 8 comments for post 1n804wn
2025-09-06 00:53:59,363 - INFO - Extracting comments for post 1n7zd1o (15 total)
2025-09-06 00:53:59,366 - INFO - Successfully extracted 15 comments for post 1n7zd1o
2025-09-06 00:53:59,969 - INFO - Extracting comments for post 1n7z6qu (0 total)
2025-09-06 00:53:59,970 - INFO - Successfully extracted 0 comments for post 1n7z6qu
2025-09-06 00:54:00,581 - INFO - Extracting comments for post 1n7x8xd (5 total)
2025-09-06 00:54:00,582 - INFO - Successfully extracted 5 comments for post 1n7x8xd
2025-09-06 00:54:01,402 - INFO - Extracting comments for post 1n7ws2t (0 total)
2025-09-06 00:54:01,402 - INFO - Successfully extracted 0 comments for post 1n7ws2t
2025-09-06 00:54:02,122 - INFO - Extracting comments for post 1n7wpdc (15 total)
2025-09-06 00:54:02,122 - INFO - Successfully extracted 15 comments for post 1n7wpdc
2025-09-06 00:54:02,939 - INFO - Extracting comments for post 1n7v4dd (1 total)
2025-09-06 00:54:02,940 - INFO - Successfully extracted 1 comments for post 1n7v4dd
2025-09-06 00:54:03,656 - INFO - Extracting comments for post 1n7ugtu (10 total)
2025-09-06 00:54:03,658 - INFO - Successfully extracted 10 comments for post 1n7ugtu
2025-09-06 00:54:04,790 - INFO - Extracting comments for post 1n7txak (37 total)
2025-09-06 00:54:04,845 - INFO - Successfully extracted 37 comments for post 1n7txak
2025-09-06 00:54:05,497 - INFO - Extracting comments for post 1n7tvcq (11 total)
2025-09-06 00:54:05,498 - INFO - Successfully extracted 11 comments for post 1n7tvcq
2025-09-06 00:54:06,519 - INFO - Extracting comments for post 1n7ticw (42 total)
2025-09-06 00:54:06,521 - INFO - Successfully extracted 41 comments for post 1n7ticw
2025-09-06 00:54:07,311 - INFO - Extracting comments for post 1n7tcmk (40 total)
2025-09-06 00:54:07,315 - INFO - Successfully extracted 40 comments for post 1n7tcmk
2025-09-06 00:54:07,519 - INFO - Scraping posts sorted by: new
2025-09-06 00:54:09,937 - INFO - Extracting comments for post 1n9dxlv (1 total)
2025-09-06 00:54:09,938 - INFO - Successfully extracted 1 comments for post 1n9dxlv
2025-09-06 00:54:10,530 - INFO - Extracting comments for post 1n9ak95 (2 total)
2025-09-06 00:54:10,531 - INFO - Successfully extracted 2 comments for post 1n9ak95
2025-09-06 00:54:11,173 - INFO - Extracting comments for post 1n97lxy (0 total)
2025-09-06 00:54:11,175 - INFO - Successfully extracted 0 comments for post 1n97lxy
2025-09-06 00:54:12,058 - INFO - Extracting comments for post 1n97htu (37 total)
2025-09-06 00:54:12,061 - INFO - Successfully extracted 37 comments for post 1n97htu
2025-09-06 00:54:12,188 - INFO - Saved 50 posts to posts_batch_0017.json
2025-09-06 00:54:12,836 - INFO - Extracting comments for post 1n8saeu (5 total)
2025-09-06 00:54:12,837 - INFO - Successfully extracted 5 comments for post 1n8saeu
2025-09-06 00:54:13,485 - INFO - Extracting comments for post 1n969d5 (4 total)
2025-09-06 00:54:13,485 - INFO - Successfully extracted 4 comments for post 1n969d5
2025-09-06 00:54:14,088 - INFO - Extracting comments for post 1n8u91n (3 total)
2025-09-06 00:54:14,091 - INFO - Successfully extracted 3 comments for post 1n8u91n
2025-09-06 00:54:14,677 - INFO - Extracting comments for post 1n8xf9d (0 total)
2025-09-06 00:54:14,678 - INFO - Successfully extracted 0 comments for post 1n8xf9d
2025-09-06 00:54:15,252 - INFO - Extracting comments for post 1n8xlkl (0 total)
2025-09-06 00:54:15,253 - INFO - Successfully extracted 0 comments for post 1n8xlkl
2025-09-06 00:54:15,819 - INFO - Extracting comments for post 1n91sw6 (0 total)
2025-09-06 00:54:15,819 - INFO - Successfully extracted 0 comments for post 1n91sw6
2025-09-06 00:54:16,557 - INFO - Extracting comments for post 1n93ckb (1 total)
2025-09-06 00:54:16,558 - INFO - Successfully extracted 1 comments for post 1n93ckb
2025-09-06 00:54:17,169 - INFO - Extracting comments for post 1n9400x (0 total)
2025-09-06 00:54:17,170 - INFO - Successfully extracted 0 comments for post 1n9400x
2025-09-06 00:54:17,886 - INFO - Extracting comments for post 1n95uci (0 total)
2025-09-06 00:54:17,887 - INFO - Successfully extracted 0 comments for post 1n95uci
2025-09-06 00:54:18,480 - INFO - Extracting comments for post 1n95cmp (2 total)
2025-09-06 00:54:18,481 - INFO - Successfully extracted 2 comments for post 1n95cmp
2025-09-06 00:54:19,094 - INFO - Extracting comments for post 1n93s48 (5 total)
2025-09-06 00:54:19,095 - INFO - Successfully extracted 5 comments for post 1n93s48
2025-09-06 00:54:20,221 - INFO - Extracting comments for post 1n92oz7 (18 total)
2025-09-06 00:54:20,222 - INFO - Successfully extracted 18 comments for post 1n92oz7
2025-09-06 00:54:20,799 - INFO - Extracting comments for post 1n92kz6 (0 total)
2025-09-06 00:54:20,800 - INFO - Successfully extracted 0 comments for post 1n92kz6
2025-09-06 00:54:21,411 - INFO - Extracting comments for post 1n92jdq (4 total)
2025-09-06 00:54:21,413 - INFO - Successfully extracted 4 comments for post 1n92jdq
2025-09-06 00:54:22,190 - INFO - Extracting comments for post 1n90xlk (20 total)
2025-09-06 00:54:22,191 - INFO - Successfully extracted 20 comments for post 1n90xlk
2025-09-06 00:54:22,811 - INFO - Extracting comments for post 1n90cq1 (4 total)
2025-09-06 00:54:22,812 - INFO - Successfully extracted 4 comments for post 1n90cq1
2025-09-06 00:54:23,522 - INFO - Extracting comments for post 1n8yge7 (6 total)
2025-09-06 00:54:23,523 - INFO - Successfully extracted 6 comments for post 1n8yge7
2025-09-06 00:54:24,115 - INFO - Extracting comments for post 1n8y6k8 (1 total)
2025-09-06 00:54:24,115 - INFO - Successfully extracted 1 comments for post 1n8y6k8
2025-09-06 00:54:24,720 - INFO - Extracting comments for post 1n8y6hj (5 total)
2025-09-06 00:54:24,722 - INFO - Successfully extracted 5 comments for post 1n8y6hj
2025-09-06 00:54:25,369 - INFO - Extracting comments for post 1n8wmja (4 total)
2025-09-06 00:54:25,370 - INFO - Successfully extracted 4 comments for post 1n8wmja
2025-09-06 00:54:26,179 - INFO - Extracting comments for post 1n8ty1b (43 total)
2025-09-06 00:54:26,185 - INFO - Successfully extracted 43 comments for post 1n8ty1b
2025-09-06 00:54:26,786 - INFO - Extracting comments for post 1n8tfs0 (1 total)
2025-09-06 00:54:26,787 - INFO - Successfully extracted 1 comments for post 1n8tfs0
2025-09-06 00:54:27,387 - INFO - Extracting comments for post 1n8s9l7 (2 total)
2025-09-06 00:54:27,388 - INFO - Successfully extracted 2 comments for post 1n8s9l7
2025-09-06 00:54:28,060 - INFO - Extracting comments for post 1n8s41x (29 total)
2025-09-06 00:54:28,064 - INFO - Successfully extracted 27 comments for post 1n8s41x
2025-09-06 00:54:29,000 - INFO - Extracting comments for post 1n8mu2l (1 total)
2025-09-06 00:54:29,001 - INFO - Successfully extracted 1 comments for post 1n8mu2l
2025-09-06 00:54:29,688 - INFO - Extracting comments for post 1n8n5oc (1 total)
2025-09-06 00:54:29,689 - INFO - Successfully extracted 1 comments for post 1n8n5oc
2025-09-06 00:54:30,297 - INFO - Extracting comments for post 1n8r21i (4 total)
2025-09-06 00:54:30,300 - INFO - Successfully extracted 4 comments for post 1n8r21i
2025-09-06 00:54:30,950 - INFO - Extracting comments for post 1n8rd79 (1 total)
2025-09-06 00:54:30,951 - INFO - Successfully extracted 1 comments for post 1n8rd79
2025-09-06 00:54:31,524 - INFO - Extracting comments for post 1n8qga6 (1 total)
2025-09-06 00:54:31,524 - INFO - Successfully extracted 1 comments for post 1n8qga6
2025-09-06 00:54:32,144 - INFO - Extracting comments for post 1n8pldd (2 total)
2025-09-06 00:54:32,145 - INFO - Successfully extracted 2 comments for post 1n8pldd
2025-09-06 00:54:32,944 - INFO - Extracting comments for post 1n8oy95 (20 total)
2025-09-06 00:54:32,945 - INFO - Successfully extracted 20 comments for post 1n8oy95
2025-09-06 00:54:33,563 - INFO - Extracting comments for post 1n8ohii (10 total)
2025-09-06 00:54:33,569 - INFO - Successfully extracted 10 comments for post 1n8ohii
2025-09-06 00:54:34,155 - INFO - Extracting comments for post 1n8of2a (0 total)
2025-09-06 00:54:34,156 - INFO - Successfully extracted 0 comments for post 1n8of2a
2025-09-06 00:54:34,743 - INFO - Extracting comments for post 1n8o8k3 (1 total)
2025-09-06 00:54:34,744 - INFO - Successfully extracted 1 comments for post 1n8o8k3
2025-09-06 00:54:35,373 - INFO - Extracting comments for post 1n8nsbs (3 total)
2025-09-06 00:54:35,374 - INFO - Successfully extracted 3 comments for post 1n8nsbs
2025-09-06 00:54:36,004 - INFO - Extracting comments for post 1n8l3dp (0 total)
2025-09-06 00:54:36,005 - INFO - Successfully extracted 0 comments for post 1n8l3dp
2025-09-06 00:54:36,627 - INFO - Extracting comments for post 1n8inpa (6 total)
2025-09-06 00:54:36,628 - INFO - Successfully extracted 6 comments for post 1n8inpa
2025-09-06 00:54:37,255 - INFO - Extracting comments for post 1n8h0ur (3 total)
2025-09-06 00:54:37,256 - INFO - Successfully extracted 3 comments for post 1n8h0ur
2025-09-06 00:54:37,855 - INFO - Extracting comments for post 1n8lynh (1 total)
2025-09-06 00:54:37,857 - INFO - Successfully extracted 1 comments for post 1n8lynh
2025-09-06 00:54:38,477 - INFO - Extracting comments for post 1n8fh1g (2 total)
2025-09-06 00:54:38,478 - INFO - Successfully extracted 2 comments for post 1n8fh1g
2025-09-06 00:54:39,192 - INFO - Extracting comments for post 1n8f596 (35 total)
2025-09-06 00:54:39,196 - INFO - Successfully extracted 34 comments for post 1n8f596
2025-09-06 00:54:39,776 - INFO - Extracting comments for post 1n8dzre (0 total)
2025-09-06 00:54:39,777 - INFO - Successfully extracted 0 comments for post 1n8dzre
2025-09-06 00:54:40,355 - INFO - Extracting comments for post 1n8dunm (0 total)
2025-09-06 00:54:40,356 - INFO - Successfully extracted 0 comments for post 1n8dunm
2025-09-06 00:54:41,032 - INFO - Extracting comments for post 1n8lvv1 (0 total)
2025-09-06 00:54:41,032 - INFO - Successfully extracted 0 comments for post 1n8lvv1
2025-09-06 00:54:42,465 - INFO - Extracting comments for post 1n8l3ke (35 total)
2025-09-06 00:54:42,518 - INFO - Successfully extracted 35 comments for post 1n8l3ke
2025-09-06 00:54:43,179 - INFO - Extracting comments for post 1n8i3y0 (3 total)
2025-09-06 00:54:43,181 - INFO - Successfully extracted 3 comments for post 1n8i3y0
2025-09-06 00:54:43,899 - INFO - Extracting comments for post 1n8i0so (6 total)
2025-09-06 00:54:43,900 - INFO - Successfully extracted 6 comments for post 1n8i0so
2025-09-06 00:54:44,595 - INFO - Extracting comments for post 1n8hjq6 (6 total)
2025-09-06 00:54:44,597 - INFO - Successfully extracted 6 comments for post 1n8hjq6
2025-09-06 00:54:45,229 - INFO - Extracting comments for post 1n8hcj0 (1 total)
2025-09-06 00:54:45,230 - INFO - Successfully extracted 1 comments for post 1n8hcj0
2025-09-06 00:54:45,945 - INFO - Extracting comments for post 1n8gzqe (1 total)
2025-09-06 00:54:45,945 - INFO - Successfully extracted 1 comments for post 1n8gzqe
2025-09-06 00:54:46,118 - INFO - Saved 50 posts to posts_batch_0018.json
2025-09-06 00:54:46,754 - INFO - Extracting comments for post 1n8gb9u (7 total)
2025-09-06 00:54:46,756 - INFO - Successfully extracted 7 comments for post 1n8gb9u
2025-09-06 00:54:47,376 - INFO - Extracting comments for post 1n8gb9t (10 total)
2025-09-06 00:54:47,377 - INFO - Successfully extracted 10 comments for post 1n8gb9t
2025-09-06 00:54:48,009 - INFO - Extracting comments for post 1n8f7w2 (4 total)
2025-09-06 00:54:48,010 - INFO - Successfully extracted 4 comments for post 1n8f7w2
2025-09-06 00:54:48,593 - INFO - Extracting comments for post 1n8en8y (1 total)
2025-09-06 00:54:48,594 - INFO - Successfully extracted 1 comments for post 1n8en8y
2025-09-06 00:54:49,219 - INFO - Extracting comments for post 1n8e078 (1 total)
2025-09-06 00:54:49,219 - INFO - Successfully extracted 1 comments for post 1n8e078
2025-09-06 00:54:49,817 - INFO - Extracting comments for post 1n8clga (5 total)
2025-09-06 00:54:49,818 - INFO - Successfully extracted 5 comments for post 1n8clga
2025-09-06 00:54:50,553 - INFO - Extracting comments for post 1n8caux (0 total)
2025-09-06 00:54:50,554 - INFO - Successfully extracted 0 comments for post 1n8caux
2025-09-06 00:54:51,167 - INFO - Extracting comments for post 1n7rrom (0 total)
2025-09-06 00:54:51,167 - INFO - Successfully extracted 0 comments for post 1n7rrom
2025-09-06 00:54:52,093 - INFO - Extracting comments for post 1n8aj0d (17 total)
2025-09-06 00:54:52,094 - INFO - Successfully extracted 17 comments for post 1n8aj0d
2025-09-06 00:54:52,704 - INFO - Extracting comments for post 1n895ni (0 total)
2025-09-06 00:54:52,704 - INFO - Successfully extracted 0 comments for post 1n895ni
2025-09-06 00:54:53,318 - INFO - Extracting comments for post 1n88n0m (0 total)
2025-09-06 00:54:53,319 - INFO - Successfully extracted 0 comments for post 1n88n0m
2025-09-06 00:54:53,939 - INFO - Extracting comments for post 1n85rtp (0 total)
2025-09-06 00:54:53,940 - INFO - Successfully extracted 0 comments for post 1n85rtp
2025-09-06 00:54:54,532 - INFO - Extracting comments for post 1n841jp (0 total)
2025-09-06 00:54:54,533 - INFO - Successfully extracted 0 comments for post 1n841jp
2025-09-06 00:54:55,127 - INFO - Extracting comments for post 1n7z3o6 (0 total)
2025-09-06 00:54:55,128 - INFO - Successfully extracted 0 comments for post 1n7z3o6
2025-09-06 00:54:55,724 - INFO - Extracting comments for post 1n7xpgl (1 total)
2025-09-06 00:54:55,725 - INFO - Successfully extracted 1 comments for post 1n7xpgl
2025-09-06 00:54:56,388 - INFO - Extracting comments for post 1n7w3dh (7 total)
2025-09-06 00:54:56,389 - INFO - Successfully extracted 7 comments for post 1n7w3dh
2025-09-06 00:54:56,996 - INFO - Extracting comments for post 1n7vay7 (0 total)
2025-09-06 00:54:56,996 - INFO - Successfully extracted 0 comments for post 1n7vay7
2025-09-06 00:54:57,618 - INFO - Extracting comments for post 1n7ths3 (0 total)
2025-09-06 00:54:57,618 - INFO - Successfully extracted 0 comments for post 1n7ths3
2025-09-06 00:54:58,192 - INFO - Extracting comments for post 1n7t9gp (0 total)
2025-09-06 00:54:58,193 - INFO - Successfully extracted 0 comments for post 1n7t9gp
2025-09-06 00:54:58,770 - INFO - Extracting comments for post 1n7t74m (0 total)
2025-09-06 00:54:58,771 - INFO - Successfully extracted 0 comments for post 1n7t74m
2025-09-06 00:54:59,365 - INFO - Extracting comments for post 1n7rq17 (1 total)
2025-09-06 00:54:59,366 - INFO - Successfully extracted 1 comments for post 1n7rq17
2025-09-06 00:55:00,080 - INFO - Extracting comments for post 1n7pay9 (9 total)
2025-09-06 00:55:00,081 - INFO - Successfully extracted 9 comments for post 1n7pay9
2025-09-06 00:55:00,661 - INFO - Extracting comments for post 1n89hl9 (0 total)
2025-09-06 00:55:00,662 - INFO - Successfully extracted 0 comments for post 1n89hl9
2025-09-06 00:55:01,335 - INFO - Extracting comments for post 1n893bw (19 total)
2025-09-06 00:55:01,338 - INFO - Successfully extracted 19 comments for post 1n893bw
2025-09-06 00:55:02,089 - INFO - Extracting comments for post 1n87fvg (30 total)
2025-09-06 00:55:02,091 - INFO - Successfully extracted 31 comments for post 1n87fvg
2025-09-06 00:55:02,796 - INFO - Extracting comments for post 1n84utc (13 total)
2025-09-06 00:55:02,800 - INFO - Successfully extracted 13 comments for post 1n84utc
2025-09-06 00:55:03,905 - INFO - Extracting comments for post 1n84h8s (69 total)
2025-09-06 00:55:03,918 - INFO - Successfully extracted 70 comments for post 1n84h8s
2025-09-06 00:55:04,546 - INFO - Extracting comments for post 1n845vj (1 total)
2025-09-06 00:55:04,547 - INFO - Successfully extracted 1 comments for post 1n845vj
2025-09-06 00:55:05,240 - INFO - Extracting comments for post 1n8312k (21 total)
2025-09-06 00:55:05,243 - INFO - Successfully extracted 21 comments for post 1n8312k
2025-09-06 00:55:05,841 - INFO - Extracting comments for post 1n82o39 (2 total)
2025-09-06 00:55:05,842 - INFO - Successfully extracted 2 comments for post 1n82o39
2025-09-06 00:55:06,491 - INFO - Extracting comments for post 1n82fd0 (11 total)
2025-09-06 00:55:06,494 - INFO - Successfully extracted 11 comments for post 1n82fd0
2025-09-06 00:55:07,089 - INFO - Extracting comments for post 1n82byt (1 total)
2025-09-06 00:55:07,090 - INFO - Successfully extracted 1 comments for post 1n82byt
2025-09-06 00:55:07,664 - INFO - Extracting comments for post 1n821zk (0 total)
2025-09-06 00:55:07,665 - INFO - Successfully extracted 0 comments for post 1n821zk
2025-09-06 00:55:08,265 - INFO - Extracting comments for post 1n804wn (8 total)
2025-09-06 00:55:08,268 - INFO - Successfully extracted 8 comments for post 1n804wn
2025-09-06 00:55:08,943 - INFO - Extracting comments for post 1n7zd1o (15 total)
2025-09-06 00:55:08,946 - INFO - Successfully extracted 15 comments for post 1n7zd1o
2025-09-06 00:55:09,599 - INFO - Extracting comments for post 1n7z6qu (0 total)
2025-09-06 00:55:09,601 - INFO - Successfully extracted 0 comments for post 1n7z6qu
2025-09-06 00:55:10,216 - INFO - Extracting comments for post 1n7x8xd (5 total)
2025-09-06 00:55:10,217 - INFO - Successfully extracted 5 comments for post 1n7x8xd
2025-09-06 00:55:10,831 - INFO - Extracting comments for post 1n7ws2t (0 total)
2025-09-06 00:55:10,831 - INFO - Successfully extracted 0 comments for post 1n7ws2t
2025-09-06 00:55:11,548 - INFO - Extracting comments for post 1n7wpdc (15 total)
2025-09-06 00:55:11,550 - INFO - Successfully extracted 15 comments for post 1n7wpdc
2025-09-06 00:55:12,160 - INFO - Extracting comments for post 1n7v4dd (1 total)
2025-09-06 00:55:12,161 - INFO - Successfully extracted 1 comments for post 1n7v4dd
2025-09-06 00:55:12,789 - INFO - Extracting comments for post 1n7ugtu (10 total)
2025-09-06 00:55:12,790 - INFO - Successfully extracted 10 comments for post 1n7ugtu
2025-09-06 00:55:13,599 - INFO - Extracting comments for post 1n7txak (37 total)
2025-09-06 00:55:13,649 - INFO - Successfully extracted 37 comments for post 1n7txak
2025-09-06 00:55:14,254 - INFO - Extracting comments for post 1n7tvcq (11 total)
2025-09-06 00:55:14,256 - INFO - Successfully extracted 11 comments for post 1n7tvcq
2025-09-06 00:55:15,441 - INFO - Extracting comments for post 1n7ticw (42 total)
2025-09-06 00:55:15,443 - INFO - Successfully extracted 41 comments for post 1n7ticw
2025-09-06 00:55:16,221 - INFO - Extracting comments for post 1n7tcmk (40 total)
2025-09-06 00:55:16,224 - INFO - Successfully extracted 40 comments for post 1n7tcmk
2025-09-06 00:55:16,427 - INFO - Scraping posts sorted by: new
2025-09-06 00:55:18,917 - INFO - Extracting comments for post 1n9dxlv (1 total)
2025-09-06 00:55:18,919 - INFO - Successfully extracted 1 comments for post 1n9dxlv
2025-09-06 00:55:19,522 - INFO - Extracting comments for post 1n9ak95 (2 total)
2025-09-06 00:55:19,523 - INFO - Successfully extracted 2 comments for post 1n9ak95
2025-09-06 00:55:20,249 - INFO - Extracting comments for post 1n97lxy (0 total)
2025-09-06 00:55:20,250 - INFO - Successfully extracted 0 comments for post 1n97lxy
2025-09-06 00:55:21,076 - INFO - Extracting comments for post 1n97htu (37 total)
2025-09-06 00:55:21,079 - INFO - Successfully extracted 37 comments for post 1n97htu
2025-09-06 00:55:21,785 - INFO - Extracting comments for post 1n8saeu (5 total)
2025-09-06 00:55:21,787 - INFO - Successfully extracted 5 comments for post 1n8saeu
2025-09-06 00:55:21,924 - INFO - Saved 50 posts to posts_batch_0019.json
2025-09-06 00:55:22,604 - INFO - Extracting comments for post 1n969d5 (4 total)
2025-09-06 00:55:22,604 - INFO - Successfully extracted 4 comments for post 1n969d5
2025-09-06 00:55:23,220 - INFO - Extracting comments for post 1n8u91n (3 total)
2025-09-06 00:55:23,221 - INFO - Successfully extracted 3 comments for post 1n8u91n
2025-09-06 00:55:23,793 - INFO - Extracting comments for post 1n8xf9d (0 total)
2025-09-06 00:55:23,793 - INFO - Successfully extracted 0 comments for post 1n8xf9d
2025-09-06 00:55:24,549 - INFO - Extracting comments for post 1n8xlkl (0 total)
2025-09-06 00:55:24,550 - INFO - Successfully extracted 0 comments for post 1n8xlkl
2025-09-06 00:55:25,193 - INFO - Extracting comments for post 1n91sw6 (0 total)
2025-09-06 00:55:25,194 - INFO - Successfully extracted 0 comments for post 1n91sw6
2025-09-06 00:55:25,802 - INFO - Extracting comments for post 1n93ckb (1 total)
2025-09-06 00:55:25,803 - INFO - Successfully extracted 1 comments for post 1n93ckb
2025-09-06 00:55:26,386 - INFO - Extracting comments for post 1n9400x (0 total)
2025-09-06 00:55:26,387 - INFO - Successfully extracted 0 comments for post 1n9400x
2025-09-06 00:55:27,110 - INFO - Extracting comments for post 1n95uci (0 total)
2025-09-06 00:55:27,111 - INFO - Successfully extracted 0 comments for post 1n95uci
2025-09-06 00:55:27,931 - INFO - Extracting comments for post 1n95cmp (2 total)
2025-09-06 00:55:27,931 - INFO - Successfully extracted 2 comments for post 1n95cmp
2025-09-06 00:55:28,598 - INFO - Extracting comments for post 1n93s48 (5 total)
2025-09-06 00:55:28,599 - INFO - Successfully extracted 5 comments for post 1n93s48
2025-09-06 00:55:29,282 - INFO - Extracting comments for post 1n92oz7 (18 total)
2025-09-06 00:55:29,285 - INFO - Successfully extracted 18 comments for post 1n92oz7
2025-09-06 00:55:29,896 - INFO - Extracting comments for post 1n92kz6 (0 total)
2025-09-06 00:55:29,897 - INFO - Successfully extracted 0 comments for post 1n92kz6
2025-09-06 00:55:30,511 - INFO - Extracting comments for post 1n92jdq (4 total)
2025-09-06 00:55:30,512 - INFO - Successfully extracted 4 comments for post 1n92jdq
2025-09-06 00:55:31,179 - INFO - Extracting comments for post 1n90xlk (20 total)
2025-09-06 00:55:31,181 - INFO - Successfully extracted 20 comments for post 1n90xlk
2025-09-06 00:55:32,685 - INFO - Extracting comments for post 1n90cq1 (4 total)
2025-09-06 00:55:32,686 - INFO - Successfully extracted 4 comments for post 1n90cq1
2025-09-06 00:55:33,462 - INFO - Extracting comments for post 1n8yge7 (6 total)
2025-09-06 00:55:33,465 - INFO - Successfully extracted 6 comments for post 1n8yge7
2025-09-06 00:55:34,074 - INFO - Extracting comments for post 1n8y6k8 (1 total)
2025-09-06 00:55:34,075 - INFO - Successfully extracted 1 comments for post 1n8y6k8
2025-09-06 00:55:34,794 - INFO - Extracting comments for post 1n8y6hj (5 total)
2025-09-06 00:55:34,796 - INFO - Successfully extracted 5 comments for post 1n8y6hj
2025-09-06 00:55:35,424 - INFO - Extracting comments for post 1n8wmja (4 total)
2025-09-06 00:55:35,425 - INFO - Successfully extracted 4 comments for post 1n8wmja
2025-09-06 00:55:36,209 - INFO - Extracting comments for post 1n8ty1b (43 total)
2025-09-06 00:55:36,215 - INFO - Successfully extracted 43 comments for post 1n8ty1b
2025-09-06 00:55:36,813 - INFO - Extracting comments for post 1n8tfs0 (1 total)
2025-09-06 00:55:36,814 - INFO - Successfully extracted 1 comments for post 1n8tfs0
2025-09-06 00:55:37,401 - INFO - Extracting comments for post 1n8s9l7 (2 total)
2025-09-06 00:55:37,401 - INFO - Successfully extracted 2 comments for post 1n8s9l7
2025-09-06 00:55:38,096 - INFO - Extracting comments for post 1n8s41x (29 total)
2025-09-06 00:55:38,101 - INFO - Successfully extracted 27 comments for post 1n8s41x
2025-09-06 00:55:38,685 - INFO - Extracting comments for post 1n8mu2l (1 total)
2025-09-06 00:55:38,686 - INFO - Successfully extracted 1 comments for post 1n8mu2l
2025-09-06 00:55:39,283 - INFO - Extracting comments for post 1n8n5oc (1 total)
2025-09-06 00:55:39,283 - INFO - Successfully extracted 1 comments for post 1n8n5oc
2025-09-06 00:55:39,888 - INFO - Extracting comments for post 1n8r21i (4 total)
2025-09-06 00:55:39,890 - INFO - Successfully extracted 4 comments for post 1n8r21i
2025-09-06 00:55:40,546 - INFO - Extracting comments for post 1n8rd79 (1 total)
2025-09-06 00:55:40,547 - INFO - Successfully extracted 1 comments for post 1n8rd79
2025-09-06 00:55:41,188 - INFO - Extracting comments for post 1n8qga6 (1 total)
2025-09-06 00:55:41,189 - INFO - Successfully extracted 1 comments for post 1n8qga6
2025-09-06 00:55:41,855 - INFO - Extracting comments for post 1n8pldd (2 total)
2025-09-06 00:55:41,856 - INFO - Successfully extracted 2 comments for post 1n8pldd
2025-09-06 00:55:42,576 - INFO - Extracting comments for post 1n8oy95 (20 total)
2025-09-06 00:55:42,578 - INFO - Successfully extracted 20 comments for post 1n8oy95
2025-09-06 00:55:43,186 - INFO - Extracting comments for post 1n8ohii (10 total)
2025-09-06 00:55:43,187 - INFO - Successfully extracted 10 comments for post 1n8ohii
2025-09-06 00:55:43,757 - INFO - Extracting comments for post 1n8of2a (0 total)
2025-09-06 00:55:43,758 - INFO - Successfully extracted 0 comments for post 1n8of2a
2025-09-06 00:55:44,346 - INFO - Extracting comments for post 1n8o8k3 (1 total)
2025-09-06 00:55:44,347 - INFO - Successfully extracted 1 comments for post 1n8o8k3
2025-09-06 00:55:44,957 - INFO - Extracting comments for post 1n8nsbs (3 total)
2025-09-06 00:55:44,957 - INFO - Successfully extracted 3 comments for post 1n8nsbs
2025-09-06 00:55:45,644 - INFO - Extracting comments for post 1n8l3dp (0 total)
2025-09-06 00:55:45,645 - INFO - Successfully extracted 0 comments for post 1n8l3dp
2025-09-06 00:55:46,364 - INFO - Extracting comments for post 1n8inpa (6 total)
2025-09-06 00:55:46,365 - INFO - Successfully extracted 6 comments for post 1n8inpa
2025-09-06 00:55:47,077 - INFO - Extracting comments for post 1n8h0ur (3 total)
2025-09-06 00:55:47,079 - INFO - Successfully extracted 3 comments for post 1n8h0ur
2025-09-06 00:55:47,691 - INFO - Extracting comments for post 1n8lynh (1 total)
2025-09-06 00:55:47,692 - INFO - Successfully extracted 1 comments for post 1n8lynh
2025-09-06 00:55:48,307 - INFO - Extracting comments for post 1n8fh1g (2 total)
2025-09-06 00:55:48,309 - INFO - Successfully extracted 2 comments for post 1n8fh1g
2025-09-06 00:55:49,073 - INFO - Extracting comments for post 1n8f596 (35 total)
2025-09-06 00:55:49,076 - INFO - Successfully extracted 34 comments for post 1n8f596
2025-09-06 00:55:49,711 - INFO - Extracting comments for post 1n8dzre (0 total)
2025-09-06 00:55:49,712 - INFO - Successfully extracted 0 comments for post 1n8dzre
2025-09-06 00:55:50,275 - INFO - Extracting comments for post 1n8dunm (0 total)
2025-09-06 00:55:50,276 - INFO - Successfully extracted 0 comments for post 1n8dunm
2025-09-06 00:55:50,936 - INFO - Extracting comments for post 1n8lvv1 (0 total)
2025-09-06 00:55:50,937 - INFO - Successfully extracted 0 comments for post 1n8lvv1
2025-09-06 00:55:52,314 - INFO - Extracting comments for post 1n8l3ke (35 total)
2025-09-06 00:55:52,368 - INFO - Successfully extracted 35 comments for post 1n8l3ke
2025-09-06 00:55:53,018 - INFO - Extracting comments for post 1n8i3y0 (3 total)
2025-09-06 00:55:53,020 - INFO - Successfully extracted 3 comments for post 1n8i3y0
2025-09-06 00:55:53,734 - INFO - Extracting comments for post 1n8i0so (6 total)
2025-09-06 00:55:53,735 - INFO - Successfully extracted 6 comments for post 1n8i0so
2025-09-06 00:55:54,402 - INFO - Extracting comments for post 1n8hjq6 (6 total)
2025-09-06 00:55:54,404 - INFO - Successfully extracted 6 comments for post 1n8hjq6
2025-09-06 00:55:55,153 - INFO - Extracting comments for post 1n8hcj0 (1 total)
2025-09-06 00:55:55,154 - INFO - Successfully extracted 1 comments for post 1n8hcj0
2025-09-06 00:55:55,782 - INFO - Extracting comments for post 1n8gzqe (1 total)
2025-09-06 00:55:55,784 - INFO - Successfully extracted 1 comments for post 1n8gzqe
2025-09-06 00:55:56,397 - INFO - Extracting comments for post 1n8gb9u (7 total)
2025-09-06 00:55:56,398 - INFO - Successfully extracted 7 comments for post 1n8gb9u
2025-09-06 00:55:56,553 - INFO - Saved 50 posts to posts_batch_0020.json
2025-09-06 00:55:57,179 - INFO - Extracting comments for post 1n8gb9t (10 total)
2025-09-06 00:55:57,180 - INFO - Successfully extracted 10 comments for post 1n8gb9t
2025-09-06 00:55:57,794 - INFO - Extracting comments for post 1n8f7w2 (4 total)
2025-09-06 00:55:57,794 - INFO - Successfully extracted 4 comments for post 1n8f7w2
2025-09-06 00:55:58,365 - INFO - Extracting comments for post 1n8en8y (1 total)
2025-09-06 00:55:58,365 - INFO - Successfully extracted 1 comments for post 1n8en8y
2025-09-06 00:55:58,969 - INFO - Extracting comments for post 1n8e078 (1 total)
2025-09-06 00:55:58,970 - INFO - Successfully extracted 1 comments for post 1n8e078
2025-09-06 00:55:59,557 - INFO - Extracting comments for post 1n8clga (5 total)
2025-09-06 00:55:59,560 - INFO - Successfully extracted 5 comments for post 1n8clga
2025-09-06 00:56:00,250 - INFO - Extracting comments for post 1n8caux (0 total)
2025-09-06 00:56:00,250 - INFO - Successfully extracted 0 comments for post 1n8caux
2025-09-06 00:56:00,821 - INFO - Extracting comments for post 1n7rrom (0 total)
2025-09-06 00:56:00,822 - INFO - Successfully extracted 0 comments for post 1n7rrom
2025-09-06 00:56:01,828 - INFO - Extracting comments for post 1n8aj0d (17 total)
2025-09-06 00:56:01,831 - INFO - Successfully extracted 17 comments for post 1n8aj0d
2025-09-06 00:56:02,437 - INFO - Extracting comments for post 1n895ni (0 total)
2025-09-06 00:56:02,439 - INFO - Successfully extracted 0 comments for post 1n895ni
2025-09-06 00:56:03,052 - INFO - Extracting comments for post 1n88n0m (0 total)
2025-09-06 00:56:03,053 - INFO - Successfully extracted 0 comments for post 1n88n0m
2025-09-06 00:56:03,646 - INFO - Extracting comments for post 1n85rtp (0 total)
2025-09-06 00:56:03,647 - INFO - Successfully extracted 0 comments for post 1n85rtp
2025-09-06 00:56:04,232 - INFO - Extracting comments for post 1n841jp (0 total)
2025-09-06 00:56:04,233 - INFO - Successfully extracted 0 comments for post 1n841jp
2025-09-06 00:56:04,997 - INFO - Extracting comments for post 1n7z3o6 (0 total)
2025-09-06 00:56:04,999 - INFO - Successfully extracted 0 comments for post 1n7z3o6
2025-09-06 00:56:05,582 - INFO - Extracting comments for post 1n7xpgl (1 total)
2025-09-06 00:56:05,583 - INFO - Successfully extracted 1 comments for post 1n7xpgl
2025-09-06 00:56:06,270 - INFO - Extracting comments for post 1n7w3dh (7 total)
2025-09-06 00:56:06,272 - INFO - Successfully extracted 7 comments for post 1n7w3dh
2025-09-06 00:56:06,844 - INFO - Extracting comments for post 1n7vay7 (0 total)
2025-09-06 00:56:06,846 - INFO - Successfully extracted 0 comments for post 1n7vay7
2025-09-06 00:56:07,455 - INFO - Extracting comments for post 1n7ths3 (0 total)
2025-09-06 00:56:07,456 - INFO - Successfully extracted 0 comments for post 1n7ths3
2025-09-06 00:56:08,070 - INFO - Extracting comments for post 1n7t9gp (0 total)
2025-09-06 00:56:08,071 - INFO - Successfully extracted 0 comments for post 1n7t9gp
2025-09-06 00:56:08,641 - INFO - Extracting comments for post 1n7t74m (0 total)
2025-09-06 00:56:08,642 - INFO - Successfully extracted 0 comments for post 1n7t74m
2025-09-06 00:56:09,232 - INFO - Extracting comments for post 1n7rq17 (1 total)
2025-09-06 00:56:09,233 - INFO - Successfully extracted 1 comments for post 1n7rq17
2025-09-06 00:56:09,874 - INFO - Extracting comments for post 1n7pay9 (9 total)
2025-09-06 00:56:09,875 - INFO - Successfully extracted 9 comments for post 1n7pay9
2025-09-06 00:56:10,527 - INFO - Extracting comments for post 1n89hl9 (0 total)
2025-09-06 00:56:10,528 - INFO - Successfully extracted 0 comments for post 1n89hl9
2025-09-06 00:56:11,200 - INFO - Extracting comments for post 1n893bw (19 total)
2025-09-06 00:56:11,203 - INFO - Successfully extracted 19 comments for post 1n893bw
2025-09-06 00:56:12,274 - INFO - Extracting comments for post 1n87fvg (30 total)
2025-09-06 00:56:12,275 - INFO - Successfully extracted 31 comments for post 1n87fvg
2025-09-06 00:56:12,989 - INFO - Extracting comments for post 1n84utc (13 total)
2025-09-06 00:56:12,993 - INFO - Successfully extracted 13 comments for post 1n84utc
2025-09-06 00:56:14,137 - INFO - Extracting comments for post 1n84h8s (69 total)
2025-09-06 00:56:14,153 - INFO - Successfully extracted 70 comments for post 1n84h8s
2025-09-06 00:56:14,719 - INFO - Extracting comments for post 1n845vj (1 total)
2025-09-06 00:56:14,720 - INFO - Successfully extracted 1 comments for post 1n845vj
2025-09-06 00:56:15,919 - INFO - Extracting comments for post 1n8312k (21 total)
2025-09-06 00:56:15,922 - INFO - Successfully extracted 21 comments for post 1n8312k
2025-09-06 00:56:16,515 - INFO - Extracting comments for post 1n82o39 (2 total)
2025-09-06 00:56:16,516 - INFO - Successfully extracted 2 comments for post 1n82o39
2025-09-06 00:56:17,169 - INFO - Extracting comments for post 1n82fd0 (11 total)
2025-09-06 00:56:17,172 - INFO - Successfully extracted 11 comments for post 1n82fd0
2025-09-06 00:56:17,747 - INFO - Extracting comments for post 1n82byt (1 total)
2025-09-06 00:56:17,749 - INFO - Successfully extracted 1 comments for post 1n82byt
2025-09-06 00:56:18,376 - INFO - Extracting comments for post 1n821zk (0 total)
2025-09-06 00:56:18,376 - INFO - Successfully extracted 0 comments for post 1n821zk
2025-09-06 00:56:18,994 - INFO - Extracting comments for post 1n804wn (8 total)
2025-09-06 00:56:18,995 - INFO - Successfully extracted 8 comments for post 1n804wn
2025-09-06 00:56:19,632 - INFO - Extracting comments for post 1n7zd1o (15 total)
2025-09-06 00:56:19,638 - INFO - Successfully extracted 15 comments for post 1n7zd1o
2025-09-06 00:56:20,250 - INFO - Extracting comments for post 1n7z6qu (0 total)
2025-09-06 00:56:20,251 - INFO - Successfully extracted 0 comments for post 1n7z6qu
2025-09-06 00:56:20,857 - INFO - Extracting comments for post 1n7x8xd (5 total)
2025-09-06 00:56:20,857 - INFO - Successfully extracted 5 comments for post 1n7x8xd
2025-09-06 00:56:21,427 - INFO - Extracting comments for post 1n7ws2t (0 total)
2025-09-06 00:56:21,428 - INFO - Successfully extracted 0 comments for post 1n7ws2t
2025-09-06 00:56:22,051 - INFO - Extracting comments for post 1n7wpdc (15 total)
2025-09-06 00:56:22,053 - INFO - Successfully extracted 15 comments for post 1n7wpdc
2025-09-06 00:56:22,643 - INFO - Extracting comments for post 1n7v4dd (1 total)
2025-09-06 00:56:22,644 - INFO - Successfully extracted 1 comments for post 1n7v4dd
2025-09-06 00:56:23,253 - INFO - Extracting comments for post 1n7ugtu (10 total)
2025-09-06 00:56:23,254 - INFO - Successfully extracted 10 comments for post 1n7ugtu
2025-09-06 00:56:24,224 - INFO - Extracting comments for post 1n7txak (37 total)
2025-09-06 00:56:24,256 - INFO - Successfully extracted 37 comments for post 1n7txak
2025-09-06 00:56:24,874 - INFO - Extracting comments for post 1n7tvcq (11 total)
2025-09-06 00:56:24,875 - INFO - Successfully extracted 11 comments for post 1n7tvcq
2025-09-06 00:56:25,846 - INFO - Extracting comments for post 1n7ticw (42 total)
2025-09-06 00:56:25,850 - INFO - Successfully extracted 41 comments for post 1n7ticw
2025-09-06 00:56:26,886 - INFO - Extracting comments for post 1n7tcmk (40 total)
2025-09-06 00:56:26,889 - INFO - Successfully extracted 40 comments for post 1n7tcmk
2025-09-06 00:56:27,035 - INFO - Pipeline components initialized successfully
2025-09-06 00:56:27,036 - INFO - Starting cleaning phase
2025-09-06 00:56:27,036 - INFO - Starting text cleaning process
2025-09-06 00:56:27,090 - INFO - Scraping posts sorted by: new
2025-09-06 00:56:27,279 - INFO - Text cleaning completed. Total posts processed: 50
2025-09-06 00:56:27,279 - INFO - Output files saved in: data/clean
2025-09-06 00:56:27,283 - INFO - Cleaning phase completed successfully
2025-09-06 00:56:29,571 - INFO - Extracting comments for post 1n9dxlv (1 total)
2025-09-06 00:56:29,571 - INFO - Successfully extracted 1 comments for post 1n9dxlv
2025-09-06 00:56:30,154 - INFO - Extracting comments for post 1n9ak95 (2 total)
2025-09-06 00:56:30,154 - INFO - Successfully extracted 2 comments for post 1n9ak95
2025-09-06 00:56:30,802 - INFO - Extracting comments for post 1n97lxy (0 total)
2025-09-06 00:56:30,802 - INFO - Successfully extracted 0 comments for post 1n97lxy
2025-09-06 00:56:31,830 - INFO - Extracting comments for post 1n97htu (38 total)
2025-09-06 00:56:31,831 - INFO - Successfully extracted 38 comments for post 1n97htu
2025-09-06 00:56:32,542 - INFO - Extracting comments for post 1n8saeu (5 total)
2025-09-06 00:56:32,543 - INFO - Successfully extracted 5 comments for post 1n8saeu
2025-09-06 00:56:33,259 - INFO - Extracting comments for post 1n969d5 (4 total)
2025-09-06 00:56:33,259 - INFO - Successfully extracted 4 comments for post 1n969d5
2025-09-06 00:56:33,399 - INFO - Saved 50 posts to posts_batch_0021.json
2025-09-06 00:56:33,996 - INFO - Extracting comments for post 1n8u91n (3 total)
2025-09-06 00:56:33,997 - INFO - Successfully extracted 3 comments for post 1n8u91n
2025-09-06 00:56:34,563 - INFO - Extracting comments for post 1n8xf9d (0 total)
2025-09-06 00:56:34,563 - INFO - Successfully extracted 0 comments for post 1n8xf9d
2025-09-06 00:56:35,128 - INFO - Extracting comments for post 1n8xlkl (0 total)
2025-09-06 00:56:35,128 - INFO - Successfully extracted 0 comments for post 1n8xlkl
2025-09-06 00:56:35,695 - INFO - Extracting comments for post 1n91sw6 (0 total)
2025-09-06 00:56:35,695 - INFO - Successfully extracted 0 comments for post 1n91sw6
2025-09-06 00:56:36,300 - INFO - Extracting comments for post 1n93ckb (1 total)
2025-09-06 00:56:36,300 - INFO - Successfully extracted 1 comments for post 1n93ckb
2025-09-06 00:56:36,869 - INFO - Extracting comments for post 1n9400x (0 total)
2025-09-06 00:56:36,870 - INFO - Successfully extracted 0 comments for post 1n9400x
2025-09-06 00:56:37,510 - INFO - Extracting comments for post 1n95uci (0 total)
2025-09-06 00:56:37,510 - INFO - Successfully extracted 0 comments for post 1n95uci
2025-09-06 00:56:38,085 - INFO - Extracting comments for post 1n95cmp (2 total)
2025-09-06 00:56:38,085 - INFO - Successfully extracted 2 comments for post 1n95cmp
2025-09-06 00:56:38,678 - INFO - Extracting comments for post 1n93s48 (5 total)
2025-09-06 00:56:38,679 - INFO - Successfully extracted 5 comments for post 1n93s48
2025-09-06 00:56:39,320 - INFO - Extracting comments for post 1n92oz7 (18 total)
2025-09-06 00:56:39,320 - INFO - Successfully extracted 18 comments for post 1n92oz7
2025-09-06 00:56:39,882 - INFO - Extracting comments for post 1n92kz6 (0 total)
2025-09-06 00:56:39,882 - INFO - Successfully extracted 0 comments for post 1n92kz6
2025-09-06 00:56:40,528 - INFO - Extracting comments for post 1n92jdq (4 total)
2025-09-06 00:56:40,530 - INFO - Successfully extracted 4 comments for post 1n92jdq
2025-09-06 00:56:41,199 - INFO - Extracting comments for post 1n90xlk (20 total)
2025-09-06 00:56:41,203 - INFO - Successfully extracted 20 comments for post 1n90xlk
2025-09-06 00:56:41,858 - INFO - Extracting comments for post 1n90cq1 (4 total)
2025-09-06 00:56:41,859 - INFO - Successfully extracted 4 comments for post 1n90cq1
2025-09-06 00:56:42,679 - INFO - Extracting comments for post 1n8yge7 (6 total)
2025-09-06 00:56:42,681 - INFO - Successfully extracted 6 comments for post 1n8yge7
2025-09-06 00:56:43,292 - INFO - Extracting comments for post 1n8y6k8 (1 total)
2025-09-06 00:56:43,292 - INFO - Successfully extracted 1 comments for post 1n8y6k8
2025-09-06 00:56:43,909 - INFO - Extracting comments for post 1n8y6hj (5 total)
2025-09-06 00:56:43,909 - INFO - Successfully extracted 5 comments for post 1n8y6hj
2025-09-06 00:56:44,546 - INFO - Extracting comments for post 1n8wmja (4 total)
2025-09-06 00:56:44,546 - INFO - Successfully extracted 4 comments for post 1n8wmja
2025-09-06 00:56:45,445 - INFO - Extracting comments for post 1n8ty1b (43 total)
2025-09-06 00:56:45,450 - INFO - Successfully extracted 43 comments for post 1n8ty1b
2025-09-06 00:56:46,024 - INFO - Extracting comments for post 1n8tfs0 (1 total)
2025-09-06 00:56:46,024 - INFO - Successfully extracted 1 comments for post 1n8tfs0
2025-09-06 00:56:46,694 - INFO - Extracting comments for post 1n8s9l7 (2 total)
2025-09-06 00:56:46,694 - INFO - Successfully extracted 2 comments for post 1n8s9l7
2025-09-06 00:56:47,387 - INFO - Extracting comments for post 1n8s41x (29 total)
2025-09-06 00:56:47,389 - INFO - Successfully extracted 27 comments for post 1n8s41x
2025-09-06 00:56:47,961 - INFO - Extracting comments for post 1n8mu2l (1 total)
2025-09-06 00:56:47,961 - INFO - Successfully extracted 1 comments for post 1n8mu2l
2025-09-06 00:56:48,554 - INFO - Extracting comments for post 1n8n5oc (1 total)
2025-09-06 00:56:48,554 - INFO - Successfully extracted 1 comments for post 1n8n5oc
2025-09-06 00:56:49,151 - INFO - Extracting comments for post 1n8r21i (4 total)
2025-09-06 00:56:49,153 - INFO - Successfully extracted 4 comments for post 1n8r21i
2025-09-06 00:56:49,790 - INFO - Extracting comments for post 1n8rd79 (1 total)
2025-09-06 00:56:49,790 - INFO - Successfully extracted 1 comments for post 1n8rd79
2025-09-06 00:56:50,360 - INFO - Extracting comments for post 1n8qga6 (1 total)
2025-09-06 00:56:50,360 - INFO - Successfully extracted 1 comments for post 1n8qga6
2025-09-06 00:56:50,933 - INFO - Extracting comments for post 1n8pldd (2 total)
2025-09-06 00:56:50,935 - INFO - Successfully extracted 2 comments for post 1n8pldd
2025-09-06 00:56:51,592 - INFO - Extracting comments for post 1n8oy95 (20 total)
2025-09-06 00:56:51,593 - INFO - Successfully extracted 20 comments for post 1n8oy95
2025-09-06 00:56:52,213 - INFO - Extracting comments for post 1n8ohii (10 total)
2025-09-06 00:56:52,213 - INFO - Successfully extracted 10 comments for post 1n8ohii
2025-09-06 00:56:52,777 - INFO - Extracting comments for post 1n8of2a (0 total)
2025-09-06 00:56:52,777 - INFO - Successfully extracted 0 comments for post 1n8of2a
2025-09-06 00:56:53,344 - INFO - Extracting comments for post 1n8o8k3 (1 total)
2025-09-06 00:56:53,345 - INFO - Successfully extracted 1 comments for post 1n8o8k3
2025-09-06 00:56:54,048 - INFO - Extracting comments for post 1n8nsbs (3 total)
2025-09-06 00:56:54,048 - INFO - Successfully extracted 3 comments for post 1n8nsbs
2025-09-06 00:56:54,763 - INFO - Extracting comments for post 1n8l3dp (0 total)
2025-09-06 00:56:54,763 - INFO - Successfully extracted 0 comments for post 1n8l3dp
2025-09-06 00:56:55,379 - INFO - Extracting comments for post 1n8inpa (6 total)
2025-09-06 00:56:55,379 - INFO - Successfully extracted 6 comments for post 1n8inpa
2025-09-06 00:56:55,992 - INFO - Extracting comments for post 1n8h0ur (3 total)
2025-09-06 00:56:55,994 - INFO - Successfully extracted 3 comments for post 1n8h0ur
2025-09-06 00:56:56,547 - INFO - Extracting comments for post 1n8lynh (1 total)
2025-09-06 00:56:56,547 - INFO - Successfully extracted 1 comments for post 1n8lynh
2025-09-06 00:56:57,221 - INFO - Extracting comments for post 1n8fh1g (2 total)
2025-09-06 00:56:57,221 - INFO - Successfully extracted 2 comments for post 1n8fh1g
2025-09-06 00:56:57,905 - INFO - Extracting comments for post 1n8f596 (36 total)
2025-09-06 00:56:57,908 - INFO - Successfully extracted 35 comments for post 1n8f596
2025-09-06 00:56:58,483 - INFO - Extracting comments for post 1n8dzre (0 total)
2025-09-06 00:56:58,483 - INFO - Successfully extracted 0 comments for post 1n8dzre
2025-09-06 00:56:59,165 - INFO - Extracting comments for post 1n8dunm (0 total)
2025-09-06 00:56:59,169 - INFO - Successfully extracted 0 comments for post 1n8dunm
2025-09-06 00:56:59,882 - INFO - Extracting comments for post 1n8lvv1 (0 total)
2025-09-06 00:56:59,883 - INFO - Successfully extracted 0 comments for post 1n8lvv1
2025-09-06 00:57:01,522 - INFO - Extracting comments for post 1n8l3ke (35 total)
2025-09-06 00:57:01,552 - INFO - Successfully extracted 35 comments for post 1n8l3ke
2025-09-06 00:57:02,133 - INFO - Extracting comments for post 1n8i3y0 (3 total)
2025-09-06 00:57:02,135 - INFO - Successfully extracted 3 comments for post 1n8i3y0
2025-09-06 00:57:02,733 - INFO - Extracting comments for post 1n8i0so (6 total)
2025-09-06 00:57:02,733 - INFO - Successfully extracted 6 comments for post 1n8i0so
2025-09-06 00:57:03,326 - INFO - Extracting comments for post 1n8hjq6 (6 total)
2025-09-06 00:57:03,327 - INFO - Successfully extracted 6 comments for post 1n8hjq6
2025-09-06 00:57:03,920 - INFO - Extracting comments for post 1n8hcj0 (1 total)
2025-09-06 00:57:03,927 - INFO - Successfully extracted 1 comments for post 1n8hcj0
2025-09-06 00:57:04,534 - INFO - Extracting comments for post 1n8gzqe (1 total)
2025-09-06 00:57:04,536 - INFO - Successfully extracted 1 comments for post 1n8gzqe
2025-09-06 00:57:05,143 - INFO - Extracting comments for post 1n8gb9u (7 total)
2025-09-06 00:57:05,143 - INFO - Successfully extracted 7 comments for post 1n8gb9u
2025-09-06 00:57:05,762 - INFO - Extracting comments for post 1n8gb9t (10 total)
2025-09-06 00:57:05,762 - INFO - Successfully extracted 10 comments for post 1n8gb9t
2025-09-06 00:57:05,913 - INFO - Saved 50 posts to posts_batch_0022.json
2025-09-06 00:57:06,510 - INFO - Extracting comments for post 1n8f7w2 (4 total)
2025-09-06 00:57:06,510 - INFO - Successfully extracted 4 comments for post 1n8f7w2
2025-09-06 00:57:07,067 - INFO - Extracting comments for post 1n8en8y (1 total)
2025-09-06 00:57:07,067 - INFO - Successfully extracted 1 comments for post 1n8en8y
2025-09-06 00:57:07,677 - INFO - Extracting comments for post 1n8e078 (1 total)
2025-09-06 00:57:07,677 - INFO - Successfully extracted 1 comments for post 1n8e078
2025-09-06 00:57:08,635 - INFO - Extracting comments for post 1n8clga (5 total)
2025-09-06 00:57:08,635 - INFO - Successfully extracted 5 comments for post 1n8clga
2025-09-06 00:57:09,218 - INFO - Extracting comments for post 1n8caux (0 total)
2025-09-06 00:57:09,218 - INFO - Successfully extracted 0 comments for post 1n8caux
2025-09-06 00:57:09,815 - INFO - Extracting comments for post 1n7rrom (0 total)
2025-09-06 00:57:09,816 - INFO - Successfully extracted 0 comments for post 1n7rrom
2025-09-06 00:57:10,531 - INFO - Extracting comments for post 1n8aj0d (17 total)
2025-09-06 00:57:10,537 - INFO - Successfully extracted 17 comments for post 1n8aj0d
2025-09-06 00:57:11,141 - INFO - Extracting comments for post 1n895ni (0 total)
2025-09-06 00:57:11,141 - INFO - Successfully extracted 0 comments for post 1n895ni
2025-09-06 00:57:11,823 - INFO - Extracting comments for post 1n88n0m (0 total)
2025-09-06 00:57:11,823 - INFO - Successfully extracted 0 comments for post 1n88n0m
2025-09-06 00:57:12,405 - INFO - Extracting comments for post 1n85rtp (0 total)
2025-09-06 00:57:12,405 - INFO - Successfully extracted 0 comments for post 1n85rtp
2025-09-06 00:57:12,971 - INFO - Extracting comments for post 1n841jp (0 total)
2025-09-06 00:57:12,974 - INFO - Successfully extracted 0 comments for post 1n841jp
2025-09-06 00:57:13,539 - INFO - Extracting comments for post 1n7z3o6 (0 total)
2025-09-06 00:57:13,539 - INFO - Successfully extracted 0 comments for post 1n7z3o6
2025-09-06 00:57:14,217 - INFO - Extracting comments for post 1n7xpgl (1 total)
2025-09-06 00:57:14,217 - INFO - Successfully extracted 1 comments for post 1n7xpgl
2025-09-06 00:57:14,870 - INFO - Extracting comments for post 1n7w3dh (7 total)
2025-09-06 00:57:14,870 - INFO - Successfully extracted 7 comments for post 1n7w3dh
2025-09-06 00:57:15,447 - INFO - Extracting comments for post 1n7vay7 (0 total)
2025-09-06 00:57:15,447 - INFO - Successfully extracted 0 comments for post 1n7vay7
2025-09-06 00:57:16,058 - INFO - Extracting comments for post 1n7ths3 (0 total)
2025-09-06 00:57:16,058 - INFO - Successfully extracted 0 comments for post 1n7ths3
2025-09-06 00:57:16,676 - INFO - Extracting comments for post 1n7t9gp (0 total)
2025-09-06 00:57:16,676 - INFO - Successfully extracted 0 comments for post 1n7t9gp
2025-09-06 00:57:17,290 - INFO - Extracting comments for post 1n7t74m (0 total)
2025-09-06 00:57:17,290 - INFO - Successfully extracted 0 comments for post 1n7t74m
2025-09-06 00:57:17,870 - INFO - Extracting comments for post 1n7rq17 (1 total)
2025-09-06 00:57:17,870 - INFO - Successfully extracted 1 comments for post 1n7rq17
2025-09-06 00:57:18,483 - INFO - Extracting comments for post 1n7pay9 (9 total)
2025-09-06 00:57:18,491 - INFO - Successfully extracted 9 comments for post 1n7pay9
2025-09-06 00:57:19,078 - INFO - Extracting comments for post 1n89hl9 (0 total)
2025-09-06 00:57:19,079 - INFO - Successfully extracted 0 comments for post 1n89hl9
2025-09-06 00:57:19,712 - INFO - Extracting comments for post 1n893bw (19 total)
2025-09-06 00:57:19,713 - INFO - Successfully extracted 19 comments for post 1n893bw
2025-09-06 00:57:20,471 - INFO - Extracting comments for post 1n87fvg (30 total)
2025-09-06 00:57:20,471 - INFO - Successfully extracted 31 comments for post 1n87fvg
2025-09-06 00:57:21,186 - INFO - Extracting comments for post 1n84utc (13 total)
2025-09-06 00:57:21,191 - INFO - Successfully extracted 13 comments for post 1n84utc
2025-09-06 00:57:22,272 - INFO - Extracting comments for post 1n84h8s (69 total)
2025-09-06 00:57:22,286 - INFO - Successfully extracted 70 comments for post 1n84h8s
2025-09-06 00:57:22,841 - INFO - Extracting comments for post 1n845vj (1 total)
2025-09-06 00:57:22,841 - INFO - Successfully extracted 1 comments for post 1n845vj
2025-09-06 00:57:23,521 - INFO - Extracting comments for post 1n8312k (21 total)
2025-09-06 00:57:23,522 - INFO - Successfully extracted 21 comments for post 1n8312k
2025-09-06 00:57:23,967 - INFO - Pipeline components initialized successfully
2025-09-06 00:57:23,967 - INFO - Starting cleaning phase
2025-09-06 00:57:23,967 - INFO - Starting text cleaning process
2025-09-06 00:57:24,106 - INFO - Extracting comments for post 1n82o39 (2 total)
2025-09-06 00:57:24,107 - INFO - Successfully extracted 2 comments for post 1n82o39
2025-09-06 00:57:24,525 - INFO - Text cleaning completed. Total posts processed: 100
2025-09-06 00:57:24,525 - INFO - Output files saved in: data/clean
2025-09-06 00:57:24,526 - INFO - Cleaning phase completed successfully
2025-09-06 00:57:24,722 - INFO - Extracting comments for post 1n82fd0 (11 total)
2025-09-06 00:57:24,723 - INFO - Successfully extracted 11 comments for post 1n82fd0
2025-09-06 00:57:25,309 - INFO - Extracting comments for post 1n82byt (1 total)
2025-09-06 00:57:25,309 - INFO - Successfully extracted 1 comments for post 1n82byt
2025-09-06 00:57:25,895 - INFO - Extracting comments for post 1n821zk (0 total)
2025-09-06 00:57:25,895 - INFO - Successfully extracted 0 comments for post 1n821zk
2025-09-06 00:57:26,531 - INFO - Extracting comments for post 1n804wn (8 total)
2025-09-06 00:57:26,533 - INFO - Successfully extracted 8 comments for post 1n804wn
2025-09-06 00:57:27,244 - INFO - Extracting comments for post 1n7zd1o (15 total)
2025-09-06 00:57:27,244 - INFO - Successfully extracted 15 comments for post 1n7zd1o
2025-09-06 00:57:27,941 - INFO - Extracting comments for post 1n7z6qu (0 total)
2025-09-06 00:57:27,941 - INFO - Successfully extracted 0 comments for post 1n7z6qu
2025-09-06 00:57:28,389 - INFO - Pipeline components initialized successfully
2025-09-06 00:57:28,389 - INFO - Starting cleaning phase
2025-09-06 00:57:28,395 - INFO - Starting text cleaning process
2025-09-06 00:57:28,413 - INFO - All files have already been processed
2025-09-06 00:57:28,414 - INFO - Cleaning phase completed successfully
2025-09-06 00:57:28,556 - INFO - Extracting comments for post 1n7x8xd (5 total)
2025-09-06 00:57:28,557 - INFO - Successfully extracted 5 comments for post 1n7x8xd
2025-09-06 00:57:29,168 - INFO - Extracting comments for post 1n7ws2t (0 total)
2025-09-06 00:57:29,168 - INFO - Successfully extracted 0 comments for post 1n7ws2t
2025-09-06 00:57:29,819 - INFO - Pipeline components initialized successfully
2025-09-06 00:57:29,819 - INFO - Starting cleaning phase
2025-09-06 00:57:29,819 - INFO - Starting text cleaning process
2025-09-06 00:57:29,819 - INFO - All files have already been processed
2025-09-06 00:57:29,819 - INFO - Cleaning phase completed successfully
2025-09-06 00:57:29,875 - INFO - Extracting comments for post 1n7wpdc (15 total)
2025-09-06 00:57:29,876 - INFO - Successfully extracted 15 comments for post 1n7wpdc
2025-09-06 00:57:30,501 - INFO - Extracting comments for post 1n7v4dd (1 total)
2025-09-06 00:57:30,501 - INFO - Successfully extracted 1 comments for post 1n7v4dd
2025-09-06 00:57:31,216 - INFO - Extracting comments for post 1n7ugtu (10 total)
2025-09-06 00:57:31,216 - INFO - Successfully extracted 10 comments for post 1n7ugtu
2025-09-06 00:57:32,049 - INFO - Extracting comments for post 1n7txak (37 total)
2025-09-06 00:57:32,076 - INFO - Successfully extracted 37 comments for post 1n7txak
2025-09-06 00:57:32,750 - INFO - Extracting comments for post 1n7tvcq (11 total)
2025-09-06 00:57:32,750 - INFO - Successfully extracted 11 comments for post 1n7tvcq
2025-09-06 00:57:33,792 - INFO - Extracting comments for post 1n7ticw (42 total)
2025-09-06 00:57:33,794 - INFO - Successfully extracted 41 comments for post 1n7ticw
2025-09-06 00:57:34,599 - INFO - Extracting comments for post 1n7tcmk (40 total)
2025-09-06 00:57:34,601 - INFO - Successfully extracted 40 comments for post 1n7tcmk
2025-09-06 00:57:34,805 - INFO - Scraping posts sorted by: new
2025-09-06 00:57:37,209 - INFO - Extracting comments for post 1n9dxlv (1 total)
2025-09-06 00:57:37,209 - INFO - Successfully extracted 1 comments for post 1n9dxlv
2025-09-06 00:57:37,811 - INFO - Extracting comments for post 1n9ak95 (2 total)
2025-09-06 00:57:37,811 - INFO - Successfully extracted 2 comments for post 1n9ak95
2025-09-06 00:57:38,429 - INFO - Extracting comments for post 1n97lxy (0 total)
2025-09-06 00:57:38,429 - INFO - Successfully extracted 0 comments for post 1n97lxy
2025-09-06 00:57:39,164 - INFO - Extracting comments for post 1n97htu (39 total)
2025-09-06 00:57:39,165 - INFO - Successfully extracted 39 comments for post 1n97htu
2025-09-06 00:57:39,748 - INFO - Extracting comments for post 1n8saeu (5 total)
2025-09-06 00:57:39,749 - INFO - Successfully extracted 5 comments for post 1n8saeu
2025-09-06 00:57:40,346 - INFO - Extracting comments for post 1n969d5 (4 total)
2025-09-06 00:57:40,346 - INFO - Successfully extracted 4 comments for post 1n969d5
2025-09-06 00:57:40,924 - INFO - Extracting comments for post 1n8u91n (3 total)
2025-09-06 00:57:40,924 - INFO - Successfully extracted 3 comments for post 1n8u91n
2025-09-06 00:57:41,039 - INFO - Saved 50 posts to posts_batch_0023.json
2025-09-06 00:57:41,588 - INFO - Extracting comments for post 1n8xf9d (0 total)
2025-09-06 00:57:41,588 - INFO - Successfully extracted 0 comments for post 1n8xf9d
2025-09-06 00:57:42,173 - INFO - Extracting comments for post 1n8xlkl (0 total)
2025-09-06 00:57:42,173 - INFO - Successfully extracted 0 comments for post 1n8xlkl
2025-09-06 00:57:42,788 - INFO - Extracting comments for post 1n91sw6 (0 total)
2025-09-06 00:57:42,788 - INFO - Successfully extracted 0 comments for post 1n91sw6
2025-09-06 00:57:43,488 - INFO - Extracting comments for post 1n93ckb (1 total)
2025-09-06 00:57:43,488 - INFO - Successfully extracted 1 comments for post 1n93ckb
2025-09-06 00:57:44,119 - INFO - Extracting comments for post 1n9400x (0 total)
2025-09-06 00:57:44,119 - INFO - Successfully extracted 0 comments for post 1n9400x
2025-09-06 00:57:44,734 - INFO - Extracting comments for post 1n95uci (0 total)
2025-09-06 00:57:44,734 - INFO - Successfully extracted 0 comments for post 1n95uci
2025-09-06 00:57:45,351 - INFO - Extracting comments for post 1n95cmp (2 total)
2025-09-06 00:57:45,351 - INFO - Successfully extracted 2 comments for post 1n95cmp
2025-09-06 00:57:45,962 - INFO - Extracting comments for post 1n93s48 (5 total)
2025-09-06 00:57:45,962 - INFO - Successfully extracted 5 comments for post 1n93s48
2025-09-06 00:57:46,573 - INFO - Extracting comments for post 1n92oz7 (18 total)
2025-09-06 00:57:46,574 - INFO - Successfully extracted 18 comments for post 1n92oz7
2025-09-06 00:57:47,131 - INFO - Extracting comments for post 1n92kz6 (0 total)
2025-09-06 00:57:47,131 - INFO - Successfully extracted 0 comments for post 1n92kz6
2025-09-06 00:57:47,723 - INFO - Extracting comments for post 1n92jdq (4 total)
2025-09-06 00:57:47,723 - INFO - Successfully extracted 4 comments for post 1n92jdq
2025-09-06 00:57:48,367 - INFO - Extracting comments for post 1n90xlk (20 total)
2025-09-06 00:57:48,369 - INFO - Successfully extracted 20 comments for post 1n90xlk
2025-09-06 00:57:48,963 - INFO - Extracting comments for post 1n90cq1 (4 total)
2025-09-06 00:57:48,964 - INFO - Successfully extracted 4 comments for post 1n90cq1
2025-09-06 00:57:49,624 - INFO - Extracting comments for post 1n8yge7 (6 total)
2025-09-06 00:57:49,624 - INFO - Successfully extracted 6 comments for post 1n8yge7
2025-09-06 00:57:50,263 - INFO - Extracting comments for post 1n8y6k8 (1 total)
2025-09-06 00:57:50,263 - INFO - Successfully extracted 1 comments for post 1n8y6k8
2025-09-06 00:57:50,983 - INFO - Extracting comments for post 1n8y6hj (5 total)
2025-09-06 00:57:50,983 - INFO - Successfully extracted 5 comments for post 1n8y6hj
2025-09-06 00:57:51,697 - INFO - Extracting comments for post 1n8wmja (4 total)
2025-09-06 00:57:51,698 - INFO - Successfully extracted 4 comments for post 1n8wmja
2025-09-06 00:57:52,524 - INFO - Extracting comments for post 1n8ty1b (43 total)
2025-09-06 00:57:52,530 - INFO - Successfully extracted 43 comments for post 1n8ty1b
2025-09-06 00:57:53,131 - INFO - Extracting comments for post 1n8tfs0 (1 total)
2025-09-06 00:57:53,131 - INFO - Successfully extracted 1 comments for post 1n8tfs0
2025-09-06 00:57:53,739 - INFO - Extracting comments for post 1n8s9l7 (2 total)
2025-09-06 00:57:53,739 - INFO - Successfully extracted 2 comments for post 1n8s9l7
2025-09-06 00:57:54,462 - INFO - Extracting comments for post 1n8s41x (29 total)
2025-09-06 00:57:54,462 - INFO - Successfully extracted 27 comments for post 1n8s41x
2025-09-06 00:57:55,080 - INFO - Extracting comments for post 1n8mu2l (1 total)
2025-09-06 00:57:55,080 - INFO - Successfully extracted 1 comments for post 1n8mu2l
2025-09-06 00:57:55,775 - INFO - Extracting comments for post 1n8n5oc (1 total)
2025-09-06 00:57:55,778 - INFO - Successfully extracted 1 comments for post 1n8n5oc
2025-09-06 00:57:56,406 - INFO - Extracting comments for post 1n8r21i (4 total)
2025-09-06 00:57:56,407 - INFO - Successfully extracted 4 comments for post 1n8r21i
2025-09-06 00:57:57,087 - INFO - Extracting comments for post 1n8rd79 (1 total)
2025-09-06 00:57:57,087 - INFO - Successfully extracted 1 comments for post 1n8rd79
2025-09-06 00:57:57,664 - INFO - Extracting comments for post 1n8qga6 (1 total)
2025-09-06 00:57:57,664 - INFO - Successfully extracted 1 comments for post 1n8qga6
2025-09-06 00:57:58,260 - INFO - Extracting comments for post 1n8pldd (2 total)
2025-09-06 00:57:58,260 - INFO - Successfully extracted 2 comments for post 1n8pldd
2025-09-06 00:57:58,947 - INFO - Extracting comments for post 1n8oy95 (20 total)
2025-09-06 00:57:58,947 - INFO - Successfully extracted 20 comments for post 1n8oy95
2025-09-06 00:57:59,567 - INFO - Extracting comments for post 1n8ohii (10 total)
2025-09-06 00:57:59,570 - INFO - Successfully extracted 10 comments for post 1n8ohii
2025-09-06 00:58:00,127 - INFO - Extracting comments for post 1n8of2a (0 total)
2025-09-06 00:58:00,127 - INFO - Successfully extracted 0 comments for post 1n8of2a
2025-09-06 00:58:00,686 - INFO - Extracting comments for post 1n8o8k3 (1 total)
2025-09-06 00:58:00,689 - INFO - Successfully extracted 1 comments for post 1n8o8k3
2025-09-06 00:58:01,288 - INFO - Extracting comments for post 1n8nsbs (3 total)
2025-09-06 00:58:01,294 - INFO - Successfully extracted 3 comments for post 1n8nsbs
2025-09-06 00:58:01,906 - INFO - Extracting comments for post 1n8l3dp (0 total)
2025-09-06 00:58:01,906 - INFO - Successfully extracted 0 comments for post 1n8l3dp
2025-09-06 00:58:02,509 - INFO - Extracting comments for post 1n8inpa (6 total)
2025-09-06 00:58:02,509 - INFO - Successfully extracted 6 comments for post 1n8inpa
2025-09-06 00:58:03,148 - INFO - Extracting comments for post 1n8h0ur (3 total)
2025-09-06 00:58:03,148 - INFO - Successfully extracted 3 comments for post 1n8h0ur
2025-09-06 00:58:03,717 - INFO - Extracting comments for post 1n8lynh (1 total)
2025-09-06 00:58:03,717 - INFO - Successfully extracted 1 comments for post 1n8lynh
2025-09-06 00:58:04,307 - INFO - Extracting comments for post 1n8fh1g (2 total)
2025-09-06 00:58:04,307 - INFO - Successfully extracted 2 comments for post 1n8fh1g
2025-09-06 00:58:05,252 - INFO - Extracting comments for post 1n8f596 (36 total)
2025-09-06 00:58:05,252 - INFO - Successfully extracted 35 comments for post 1n8f596
2025-09-06 00:58:05,866 - INFO - Extracting comments for post 1n8dzre (0 total)
2025-09-06 00:58:05,869 - INFO - Successfully extracted 0 comments for post 1n8dzre
2025-09-06 00:58:06,469 - INFO - Extracting comments for post 1n8dunm (0 total)
2025-09-06 00:58:06,470 - INFO - Successfully extracted 0 comments for post 1n8dunm
2025-09-06 00:58:07,120 - INFO - Extracting comments for post 1n8lvv1 (0 total)
2025-09-06 00:58:07,126 - INFO - Successfully extracted 0 comments for post 1n8lvv1
2025-09-06 00:58:08,499 - INFO - Extracting comments for post 1n8l3ke (35 total)
2025-09-06 00:58:08,550 - INFO - Successfully extracted 35 comments for post 1n8l3ke
2025-09-06 00:58:09,209 - INFO - Extracting comments for post 1n8i3y0 (3 total)
2025-09-06 00:58:09,211 - INFO - Successfully extracted 3 comments for post 1n8i3y0
2025-09-06 00:58:09,869 - INFO - Extracting comments for post 1n8i0so (6 total)
2025-09-06 00:58:09,869 - INFO - Successfully extracted 6 comments for post 1n8i0so
2025-09-06 00:58:10,536 - INFO - Extracting comments for post 1n8hjq6 (6 total)
2025-09-06 00:58:10,536 - INFO - Successfully extracted 6 comments for post 1n8hjq6
2025-09-06 00:58:11,153 - INFO - Extracting comments for post 1n8hcj0 (1 total)
2025-09-06 00:58:11,153 - INFO - Successfully extracted 1 comments for post 1n8hcj0
2025-09-06 00:58:11,869 - INFO - Extracting comments for post 1n8gzqe (1 total)
2025-09-06 00:58:11,869 - INFO - Successfully extracted 1 comments for post 1n8gzqe
2025-09-06 00:58:12,546 - INFO - Extracting comments for post 1n8gb9u (7 total)
2025-09-06 00:58:12,546 - INFO - Successfully extracted 7 comments for post 1n8gb9u
2025-09-06 00:58:13,205 - INFO - Extracting comments for post 1n8gb9t (10 total)
2025-09-06 00:58:13,207 - INFO - Successfully extracted 10 comments for post 1n8gb9t
2025-09-06 00:58:13,814 - INFO - Extracting comments for post 1n8f7w2 (4 total)
2025-09-06 00:58:13,814 - INFO - Successfully extracted 4 comments for post 1n8f7w2
2025-09-06 00:58:13,974 - INFO - Saved 50 posts to posts_batch_0024.json
2025-09-06 00:58:14,546 - INFO - Extracting comments for post 1n8en8y (1 total)
2025-09-06 00:58:14,546 - INFO - Successfully extracted 1 comments for post 1n8en8y
2025-09-06 00:58:15,153 - INFO - Extracting comments for post 1n8e078 (1 total)
2025-09-06 00:58:15,153 - INFO - Successfully extracted 1 comments for post 1n8e078
2025-09-06 00:58:15,861 - INFO - Extracting comments for post 1n8clga (5 total)
2025-09-06 00:58:15,862 - INFO - Successfully extracted 5 comments for post 1n8clga
2025-09-06 00:58:16,591 - INFO - Extracting comments for post 1n8caux (0 total)
2025-09-06 00:58:16,591 - INFO - Successfully extracted 0 comments for post 1n8caux
2025-09-06 00:58:17,147 - INFO - Extracting comments for post 1n7rrom (0 total)
2025-09-06 00:58:17,147 - INFO - Successfully extracted 0 comments for post 1n7rrom
2025-09-06 00:58:17,800 - INFO - Extracting comments for post 1n8aj0d (17 total)
2025-09-06 00:58:17,800 - INFO - Successfully extracted 17 comments for post 1n8aj0d
2025-09-06 00:58:18,418 - INFO - Extracting comments for post 1n895ni (0 total)
2025-09-06 00:58:18,418 - INFO - Successfully extracted 0 comments for post 1n895ni
2025-09-06 00:58:18,986 - INFO - Extracting comments for post 1n88n0m (0 total)
2025-09-06 00:58:18,986 - INFO - Successfully extracted 0 comments for post 1n88n0m
2025-09-06 00:58:19,575 - INFO - Extracting comments for post 1n85rtp (0 total)
2025-09-06 00:58:19,576 - INFO - Successfully extracted 0 comments for post 1n85rtp
2025-09-06 00:58:20,125 - INFO - Extracting comments for post 1n841jp (0 total)
2025-09-06 00:58:20,125 - INFO - Successfully extracted 0 comments for post 1n841jp
2025-09-06 00:58:20,738 - INFO - Extracting comments for post 1n7z3o6 (0 total)
2025-09-06 00:58:20,738 - INFO - Successfully extracted 0 comments for post 1n7z3o6
2025-09-06 00:58:21,319 - INFO - Extracting comments for post 1n7xpgl (1 total)
2025-09-06 00:58:21,319 - INFO - Successfully extracted 1 comments for post 1n7xpgl
2025-09-06 00:58:21,911 - INFO - Extracting comments for post 1n7w3dh (7 total)
2025-09-06 00:58:21,913 - INFO - Successfully extracted 7 comments for post 1n7w3dh
2025-09-06 00:58:22,465 - INFO - Extracting comments for post 1n7vay7 (0 total)
2025-09-06 00:58:22,465 - INFO - Successfully extracted 0 comments for post 1n7vay7
2025-09-06 00:58:23,027 - INFO - Extracting comments for post 1n7ths3 (0 total)
2025-09-06 00:58:23,027 - INFO - Successfully extracted 0 comments for post 1n7ths3
2025-09-06 00:58:23,582 - INFO - Extracting comments for post 1n7t9gp (0 total)
2025-09-06 00:58:23,582 - INFO - Successfully extracted 0 comments for post 1n7t9gp
2025-09-06 00:58:24,171 - INFO - Extracting comments for post 1n7t74m (0 total)
2025-09-06 00:58:24,172 - INFO - Successfully extracted 0 comments for post 1n7t74m
2025-09-06 00:58:24,870 - INFO - Extracting comments for post 1n7rq17 (1 total)
2025-09-06 00:58:24,870 - INFO - Successfully extracted 1 comments for post 1n7rq17
2025-09-06 00:58:25,593 - INFO - Extracting comments for post 1n7pay9 (9 total)
2025-09-06 00:58:25,594 - INFO - Successfully extracted 9 comments for post 1n7pay9
2025-09-06 00:58:26,200 - INFO - Extracting comments for post 1n89hl9 (0 total)
2025-09-06 00:58:26,200 - INFO - Successfully extracted 0 comments for post 1n89hl9
2025-09-06 00:58:26,928 - INFO - Extracting comments for post 1n893bw (19 total)
2025-09-06 00:58:26,930 - INFO - Successfully extracted 19 comments for post 1n893bw
2025-09-06 00:58:27,648 - INFO - Extracting comments for post 1n87fvg (30 total)
2025-09-06 00:58:27,648 - INFO - Successfully extracted 31 comments for post 1n87fvg
2025-09-06 00:58:28,356 - INFO - Extracting comments for post 1n84utc (13 total)
2025-09-06 00:58:28,360 - INFO - Successfully extracted 13 comments for post 1n84utc
2025-09-06 00:58:29,594 - INFO - Extracting comments for post 1n84h8s (69 total)
2025-09-06 00:58:29,606 - INFO - Successfully extracted 70 comments for post 1n84h8s
2025-09-06 00:58:30,193 - INFO - Extracting comments for post 1n845vj (1 total)
2025-09-06 00:58:30,193 - INFO - Successfully extracted 1 comments for post 1n845vj
2025-09-06 00:58:30,916 - INFO - Extracting comments for post 1n8312k (21 total)
2025-09-06 00:58:30,923 - INFO - Successfully extracted 21 comments for post 1n8312k
2025-09-06 00:58:31,526 - INFO - Extracting comments for post 1n82o39 (2 total)
2025-09-06 00:58:31,526 - INFO - Successfully extracted 2 comments for post 1n82o39
2025-09-06 00:58:32,248 - INFO - Extracting comments for post 1n82fd0 (11 total)
2025-09-06 00:58:32,248 - INFO - Successfully extracted 11 comments for post 1n82fd0
2025-09-06 00:58:32,870 - INFO - Extracting comments for post 1n82byt (1 total)
2025-09-06 00:58:32,870 - INFO - Successfully extracted 1 comments for post 1n82byt
2025-09-06 00:58:33,443 - INFO - Extracting comments for post 1n821zk (0 total)
2025-09-06 00:58:33,443 - INFO - Successfully extracted 0 comments for post 1n821zk
2025-09-06 00:58:34,055 - INFO - Extracting comments for post 1n804wn (8 total)
2025-09-06 00:58:34,057 - INFO - Successfully extracted 8 comments for post 1n804wn
2025-09-06 00:58:34,808 - INFO - Extracting comments for post 1n7zd1o (15 total)
2025-09-06 00:58:34,810 - INFO - Successfully extracted 15 comments for post 1n7zd1o
2025-09-06 00:58:35,420 - INFO - Extracting comments for post 1n7z6qu (0 total)
2025-09-06 00:58:35,420 - INFO - Successfully extracted 0 comments for post 1n7z6qu
2025-09-06 00:58:36,036 - INFO - Extracting comments for post 1n7x8xd (5 total)
2025-09-06 00:58:36,036 - INFO - Successfully extracted 5 comments for post 1n7x8xd
2025-09-06 00:58:36,608 - INFO - Extracting comments for post 1n7ws2t (0 total)
2025-09-06 00:58:36,608 - INFO - Successfully extracted 0 comments for post 1n7ws2t
2025-09-06 00:58:37,244 - INFO - Extracting comments for post 1n7wpdc (15 total)
2025-09-06 00:58:37,245 - INFO - Successfully extracted 15 comments for post 1n7wpdc
2025-09-06 00:58:37,809 - INFO - Extracting comments for post 1n7v4dd (1 total)
2025-09-06 00:58:37,809 - INFO - Successfully extracted 1 comments for post 1n7v4dd
2025-09-06 00:58:38,448 - INFO - Extracting comments for post 1n7ugtu (10 total)
2025-09-06 00:58:38,450 - INFO - Successfully extracted 10 comments for post 1n7ugtu
2025-09-06 00:58:39,212 - INFO - Extracting comments for post 1n7txak (37 total)
2025-09-06 00:58:39,234 - INFO - Successfully extracted 37 comments for post 1n7txak
2025-09-06 00:58:39,873 - INFO - Extracting comments for post 1n7tvcq (11 total)
2025-09-06 00:58:39,873 - INFO - Successfully extracted 11 comments for post 1n7tvcq
2025-09-06 00:58:40,879 - INFO - Pipeline interrupted by user
2025-09-06 00:58:45,287 - INFO - Pipeline components initialized successfully
2025-09-06 00:58:45,287 - INFO - Starting cleaning phase
2025-09-06 00:58:45,287 - INFO - Starting text cleaning process
2025-09-06 00:58:45,878 - INFO - Text cleaning completed. Total posts processed: 100
2025-09-06 00:58:45,879 - INFO - Output files saved in: data/clean
2025-09-06 00:58:45,881 - INFO - Cleaning phase completed successfully
2025-09-06 00:59:52,777 - INFO - Starting full pipeline at 2025-09-06 00:59:52.777995
2025-09-06 00:59:52,779 - INFO - Pipeline components initialized successfully
2025-09-06 00:59:52,779 - INFO - Starting scraping phase
2025-09-06 00:59:52,779 - INFO - Starting to scrape r/EngineeringStudents
2025-09-06 00:59:52,779 - INFO - No limit set - will scrape ALL available posts using pagination
2025-09-06 00:59:52,787 - INFO - Scraping posts sorted by: top
2025-09-06 01:01:12,157 - INFO - Starting full pipeline at 2025-09-06 01:01:12.157196
2025-09-06 01:01:12,157 - INFO - Pipeline components initialized successfully
2025-09-06 01:01:12,157 - INFO - Starting scraping phase
2025-09-06 01:01:12,157 - INFO - Starting to scrape r/EngineeringStudents
2025-09-06 01:01:12,157 - INFO - No limit set - will scrape ALL available posts using pagination
2025-09-06 01:01:12,171 - INFO - Scraping posts sorted by: top
2025-09-06 01:01:12,851 - INFO - Extracting comments for post au98i7 (768 total)
2025-09-06 01:01:20,714 - INFO - Successfully extracted 791 comments for post au98i7
2025-09-06 01:01:22,659 - INFO - Extracting comments for post bwfjk4 (119 total)
2025-09-06 01:01:22,697 - INFO - Successfully extracted 121 comments for post bwfjk4
2025-09-06 01:01:28,640 - INFO - Pipeline interrupted by user
2025-09-06 01:01:41,762 - INFO - Pipeline components initialized successfully
2025-09-06 01:01:41,763 - INFO - Starting cleaning phase
2025-09-06 01:01:41,763 - INFO - Starting text cleaning process
2025-09-06 01:01:41,763 - INFO - All files have already been processed
2025-09-06 01:01:41,764 - INFO - Cleaning phase completed successfully
2025-09-06 01:01:48,442 - INFO - Pipeline interrupted by user
2025-09-06 01:01:51,986 - INFO - Starting full pipeline at 2025-09-06 01:01:51.986787
2025-09-06 01:01:51,989 - INFO - Pipeline components initialized successfully
2025-09-06 01:01:51,989 - INFO - Starting scraping phase
2025-09-06 01:01:51,989 - INFO - Starting to scrape r/EngineeringStudents
2025-09-06 01:01:51,989 - INFO - No limit set - will scrape ALL available posts using pagination
2025-09-06 01:01:51,998 - INFO - Scraping posts sorted by: top
2025-09-06 01:02:52,135 - INFO - Pipeline interrupted by user
2025-09-06 01:02:53,931 - INFO - Starting full pipeline at 2025-09-06 01:02:53.931222
2025-09-06 01:02:53,933 - INFO - Pipeline components initialized successfully
2025-09-06 01:02:53,933 - INFO - Starting scraping phase
2025-09-06 01:02:53,933 - INFO - Starting to scrape r/EngineeringStudents
2025-09-06 01:02:53,933 - INFO - No limit set - will scrape ALL available posts using pagination
2025-09-06 01:02:53,940 - INFO - Scraping posts sorted by: top
2025-09-06 01:03:34,357 - INFO - Starting full pipeline at 2025-09-06 01:03:34.357471
2025-09-06 01:03:34,357 - INFO - Pipeline components initialized successfully
2025-09-06 01:03:34,357 - INFO - Starting scraping phase
2025-09-06 01:03:34,357 - INFO - Starting to scrape r/EngineeringStudents
2025-09-06 01:03:34,377 - INFO - Scraping posts sorted by: hot
2025-09-06 01:03:38,627 - INFO - Extracting comments for post 1n89hl9 (0 total)
2025-09-06 01:03:38,629 - INFO - Successfully extracted 0 comments for post 1n89hl9
2025-09-06 01:03:39,246 - INFO - Extracting comments for post 1lp2gm0 (9 total)
2025-09-06 01:03:39,247 - INFO - Successfully extracted 9 comments for post 1lp2gm0
2025-09-06 01:03:40,788 - INFO - Extracting comments for post 1n97htu (39 total)
2025-09-06 01:03:40,788 - INFO - Successfully extracted 39 comments for post 1n97htu
2025-09-06 01:03:42,196 - INFO - Extracting comments for post 1n97lxy (0 total)
2025-09-06 01:03:42,197 - INFO - Successfully extracted 0 comments for post 1n97lxy
2025-09-06 01:03:43,398 - INFO - Extracting comments for post 1n92oz7 (18 total)
2025-09-06 01:03:43,399 - INFO - Successfully extracted 18 comments for post 1n92oz7
2025-09-06 01:03:45,346 - INFO - Extracting comments for post 1n98sn5 (0 total)
2025-09-06 01:03:45,348 - INFO - Successfully extracted 0 comments for post 1n98sn5
2025-09-06 01:03:47,128 - INFO - Extracting comments for post 1n93s48 (5 total)
2025-09-06 01:03:47,129 - INFO - Successfully extracted 5 comments for post 1n93s48
2025-09-06 01:03:48,233 - INFO - Extracting comments for post 1n8ty1b (43 total)
2025-09-06 01:03:48,242 - INFO - Successfully extracted 43 comments for post 1n8ty1b
2025-09-06 01:03:49,391 - INFO - Extracting comments for post 1n9dxlv (1 total)
2025-09-06 01:03:49,393 - INFO - Successfully extracted 1 comments for post 1n9dxlv
2025-09-06 01:03:51,643 - INFO - Extracting comments for post 1n8l3ke (35 total)
2025-09-06 01:03:51,767 - INFO - Successfully extracted 35 comments for post 1n8l3ke
2025-09-06 01:03:52,439 - INFO - Extracting comments for post 1n95uci (0 total)
2025-09-06 01:03:52,442 - INFO - Successfully extracted 0 comments for post 1n95uci
2025-09-06 01:03:54,413 - INFO - Extracting comments for post 1n92jdq (4 total)
2025-09-06 01:03:54,414 - INFO - Successfully extracted 4 comments for post 1n92jdq
2025-09-06 01:03:55,635 - INFO - Extracting comments for post 1n9ak95 (2 total)
2025-09-06 01:03:55,636 - INFO - Successfully extracted 2 comments for post 1n9ak95
2025-09-06 01:03:56,782 - INFO - Extracting comments for post 1n84h8s (69 total)
2025-09-06 01:03:56,820 - INFO - Successfully extracted 70 comments for post 1n84h8s
2025-09-06 01:03:58,388 - INFO - Extracting comments for post 1n8oy95 (20 total)
2025-09-06 01:03:58,393 - INFO - Successfully extracted 20 comments for post 1n8oy95
2025-09-06 01:03:59,743 - INFO - Extracting comments for post 1n969d5 (4 total)
2025-09-06 01:03:59,745 - INFO - Successfully extracted 4 comments for post 1n969d5
2025-09-06 01:04:00,313 - INFO - Extracting comments for post 1n95cmp (2 total)
2025-09-06 01:04:00,313 - INFO - Successfully extracted 2 comments for post 1n95cmp
2025-09-06 01:04:01,877 - INFO - Extracting comments for post 1n90cq1 (4 total)
2025-09-06 01:04:01,878 - INFO - Successfully extracted 4 comments for post 1n90cq1
2025-09-06 01:04:02,575 - INFO - Extracting comments for post 1n8f596 (36 total)
2025-09-06 01:04:02,579 - INFO - Successfully extracted 35 comments for post 1n8f596
2025-09-06 01:04:04,103 - INFO - Extracting comments for post 1n9400x (0 total)
2025-09-06 01:04:04,107 - INFO - Successfully extracted 0 comments for post 1n9400x
2025-09-06 01:04:04,871 - INFO - Extracting comments for post 1n93ckb (1 total)
2025-09-06 01:04:04,873 - INFO - Successfully extracted 1 comments for post 1n93ckb
2025-09-06 01:04:05,767 - INFO - Extracting comments for post 1n92kz6 (0 total)
2025-09-06 01:04:05,770 - INFO - Successfully extracted 0 comments for post 1n92kz6
2025-09-06 01:04:06,899 - INFO - Extracting comments for post 1n91sw6 (0 total)
2025-09-06 01:04:06,901 - INFO - Successfully extracted 0 comments for post 1n91sw6
2025-09-06 01:04:08,324 - INFO - Extracting comments for post 1n8inpa (6 total)
2025-09-06 01:04:08,328 - INFO - Successfully extracted 6 comments for post 1n8inpa
2025-09-06 01:04:09,882 - INFO - Extracting comments for post 1n8tfs0 (1 total)
2025-09-06 01:04:09,883 - INFO - Successfully extracted 1 comments for post 1n8tfs0
2025-09-06 01:04:10,176 - INFO - Saved 25 posts to posts_batch_0050.json
2025-09-06 01:04:10,885 - INFO - Extracting comments for post 1n8yge7 (6 total)
2025-09-06 01:04:10,890 - INFO - Successfully extracted 6 comments for post 1n8yge7
2025-09-06 01:04:11,835 - INFO - Extracting comments for post 1n8y6k8 (1 total)
2025-09-06 01:04:11,838 - INFO - Successfully extracted 1 comments for post 1n8y6k8
2025-09-06 01:04:12,963 - INFO - Extracting comments for post 1n8xlkl (0 total)
2025-09-06 01:04:12,964 - INFO - Successfully extracted 0 comments for post 1n8xlkl
2025-09-06 01:04:14,477 - INFO - Extracting comments for post 1n87fvg (30 total)
2025-09-06 01:04:14,482 - INFO - Successfully extracted 31 comments for post 1n87fvg
2025-09-06 01:04:16,004 - INFO - Extracting comments for post 1n8xf9d (0 total)
2025-09-06 01:04:16,005 - INFO - Successfully extracted 0 comments for post 1n8xf9d
2025-09-06 01:04:17,746 - INFO - Extracting comments for post 1n8wmja (4 total)
2025-09-06 01:04:17,755 - INFO - Successfully extracted 4 comments for post 1n8wmja
2025-09-06 01:04:19,298 - INFO - Extracting comments for post 1n8of2a (0 total)
2025-09-06 01:04:19,299 - INFO - Successfully extracted 0 comments for post 1n8of2a
2025-09-06 01:04:20,716 - INFO - Extracting comments for post 1n8aj0d (17 total)
2025-09-06 01:04:20,735 - INFO - Successfully extracted 17 comments for post 1n8aj0d
2025-09-06 01:04:21,349 - INFO - Extracting comments for post 1n8gb9t (10 total)
2025-09-06 01:04:21,351 - INFO - Successfully extracted 10 comments for post 1n8gb9t
2025-09-06 01:04:23,087 - INFO - Extracting comments for post 1n8u91n (3 total)
2025-09-06 01:04:23,090 - INFO - Successfully extracted 3 comments for post 1n8u91n
2025-09-06 01:04:24,031 - INFO - Extracting comments for post 1n8lynh (1 total)
2025-09-06 01:04:24,033 - INFO - Successfully extracted 1 comments for post 1n8lynh
2025-09-06 01:04:25,192 - INFO - Extracting comments for post 1n8hjq6 (6 total)
2025-09-06 01:04:25,196 - INFO - Successfully extracted 6 comments for post 1n8hjq6
2025-09-06 01:04:26,938 - INFO - Extracting comments for post 1n7ticw (42 total)
2025-09-06 01:04:26,945 - INFO - Successfully extracted 41 comments for post 1n7ticw
2025-09-06 01:04:27,579 - INFO - Extracting comments for post 1n8s9l7 (2 total)
2025-09-06 01:04:27,582 - INFO - Successfully extracted 2 comments for post 1n8s9l7
2025-09-06 01:04:28,512 - INFO - Extracting comments for post 1n7tcmk (40 total)
2025-09-06 01:04:28,524 - INFO - Successfully extracted 40 comments for post 1n7tcmk
2025-09-06 01:04:30,507 - INFO - Extracting comments for post 1n8rd79 (1 total)
2025-09-06 01:04:30,508 - INFO - Successfully extracted 1 comments for post 1n8rd79
2025-09-06 01:04:31,660 - INFO - Extracting comments for post 1n8r21i (4 total)
2025-09-06 01:04:31,666 - INFO - Successfully extracted 4 comments for post 1n8r21i
2025-09-06 01:04:32,296 - INFO - Extracting comments for post 1n90xlk (20 total)
2025-09-06 01:04:32,302 - INFO - Successfully extracted 20 comments for post 1n90xlk
2025-09-06 01:04:33,831 - INFO - Extracting comments for post 1n8qga6 (1 total)
2025-09-06 01:04:33,832 - INFO - Successfully extracted 1 comments for post 1n8qga6
2025-09-06 01:04:34,547 - INFO - Extracting comments for post au98i7 (768 total)
2025-09-06 01:04:34,572 - INFO - Extracting comments for post 1n8pldd (2 total)
2025-09-06 01:04:34,575 - INFO - Successfully extracted 2 comments for post 1n8pldd
2025-09-06 01:04:35,549 - INFO - Extracting comments for post 1n8gb9u (7 total)
2025-09-06 01:04:35,553 - INFO - Successfully extracted 7 comments for post 1n8gb9u
2025-09-06 01:04:36,161 - INFO - Extracting comments for post 1n8o8k3 (1 total)
2025-09-06 01:04:36,163 - INFO - Successfully extracted 1 comments for post 1n8o8k3
2025-09-06 01:04:37,407 - INFO - Extracting comments for post 1n8i3y0 (3 total)
2025-09-06 01:04:37,407 - INFO - Successfully extracted 3 comments for post 1n8i3y0
2025-09-06 01:04:38,172 - INFO - Extracting comments for post 1n8nsbs (3 total)
2025-09-06 01:04:38,176 - INFO - Successfully extracted 3 comments for post 1n8nsbs
2025-09-06 01:04:38,737 - INFO - Extracting comments for post 1n8y6hj (5 total)
2025-09-06 01:04:38,739 - INFO - Successfully extracted 5 comments for post 1n8y6hj
2025-09-06 01:04:38,786 - INFO - Saved 25 posts to posts_batch_0051.json
2025-09-06 01:04:38,996 - INFO - Scraping completed. Total posts processed: 1299
2025-09-06 01:04:39,000 - INFO - Posts skipped (already processed): 0
2025-09-06 01:04:39,004 - INFO - Scraping phase completed successfully
2025-09-06 01:04:39,008 - INFO - Starting cleaning phase
2025-09-06 01:04:39,010 - INFO - Starting text cleaning process
2025-09-06 01:04:40,067 - INFO - Text cleaning completed. Total posts processed: 50
2025-09-06 01:04:40,068 - INFO - Output files saved in: data/clean
2025-09-06 01:04:40,072 - INFO - Cleaning phase completed successfully
2025-09-06 01:04:40,073 - INFO - Pipeline completed successfully in 0:01:05.715633
2025-09-06 01:04:54,009 - INFO - Successfully extracted 791 comments for post au98i7
2025-09-06 01:04:55,356 - INFO - Extracting comments for post bwfjk4 (119 total)
2025-09-06 01:04:55,414 - INFO - Successfully extracted 121 comments for post bwfjk4
2025-09-06 01:05:13,412 - INFO - Extracting comments for post abaufl (535 total)
2025-09-06 01:05:18,528 - INFO - Successfully extracted 598 comments for post abaufl
2025-09-06 01:05:25,530 - INFO - Extracting comments for post a2g4hr (368 total)
2025-09-06 01:05:27,820 - INFO - Successfully extracted 373 comments for post a2g4hr
2025-09-06 01:05:32,812 - INFO - Extracting comments for post 9oy7ho (434 total)
2025-09-06 01:05:32,970 - INFO - Successfully extracted 455 comments for post 9oy7ho
2025-09-06 01:05:37,443 - INFO - Extracting comments for post mjwcsn (432 total)
2025-09-06 01:05:37,935 - INFO - Successfully extracted 436 comments for post mjwcsn
2025-09-06 01:05:44,922 - INFO - Pipeline components initialized successfully
2025-09-06 01:05:44,923 - INFO - Starting cleaning phase
2025-09-06 01:05:44,923 - INFO - Starting text cleaning process
2025-09-06 01:05:44,924 - INFO - All files have already been processed
2025-09-06 01:05:44,924 - INFO - Cleaning phase completed successfully
2025-09-06 01:06:00,188 - INFO - Extracting comments for post j8xnbn (570 total)
2025-09-06 01:06:00,735 - INFO - Successfully extracted 556 comments for post j8xnbn
2025-09-06 01:06:41,823 - INFO - Extracting comments for post 8me7ew (1000 total)
2025-09-06 01:07:37,990 - INFO - Pipeline components initialized successfully
2025-09-06 01:07:37,990 - INFO - Starting cleaning phase
2025-09-06 01:07:37,990 - INFO - Starting text cleaning process
2025-09-06 01:07:37,991 - INFO - All files have already been processed
2025-09-06 01:07:37,991 - INFO - Cleaning phase completed successfully
2025-09-06 01:07:48,865 - INFO - Successfully extracted 1055 comments for post 8me7ew
2025-09-06 01:07:52,284 - INFO - Extracting comments for post 8i4ojo (284 total)
2025-09-06 01:07:52,365 - INFO - Successfully extracted 301 comments for post 8i4ojo
2025-09-06 01:07:55,650 - INFO - Pipeline interrupted by user
2025-09-06 01:07:59,655 - INFO - Pipeline components initialized successfully
2025-09-06 01:07:59,655 - INFO - Starting cleaning phase
2025-09-06 01:07:59,655 - INFO - Starting text cleaning process
2025-09-06 01:07:59,656 - INFO - All files have already been processed
2025-09-06 01:07:59,656 - INFO - Cleaning phase completed successfully
